丐	U+4E10	4	カイ・カツ・カチ・こう
丕	U+4E15	5	ヒ・おおきい
丗	U+4E17	5	セイ・ジュウ・よ
个	U+4E2A	3	カ・コ・カン
丱	U+4E31	5	カン・コウ・ギョウ・あげまき
丶	U+4E36	1	チュ・てん
丼	U+4E3C	5	セイ・タン・トン・ショウ・どんぶり・どん
丿	U+4E3F	1	ヘツ・ヘチ・ヨウ・エイ・の
乂	U+4E42	2	ガイ・ゲ・おさめる・かる
乕	U+4E55	7	コ・とら
乖	U+4E56	8	カイ・ケ・そむく・もとる
乘	U+4E58	10	ジョウ・ショウ・のる
乢	U+4E62	4	ガイ・たわ
亂	U+4E82	13	ラン・ロン・みだれる
亅	U+4E85	1	ケツ・カチ・はねぼう
亊	U+4E8A	7	ジ・ズ・こと
于	U+4E8E	3	ウ・キョ・コ・ク・ああ・おいて・ここに・に・より・いわく・を
亞	U+4E9E	8	ア・アク・オウ・つぐ
亟	U+4E9F	8	キ・キョク・コキ・すみやか
亠	U+4EA0	2	トウ・ズ・なべぶた
亢	U+4EA2	4	コウ・キョウ・たかぶる
亰	U+4EB0	9	ケイ・ゲン・キョウ・みやこ
亳	U+4EB3	10	ハク・バク
亶	U+4EB6	13	タン・セン・テン・ゼン・あつい・ほしいまま
仂	U+4EC2	4	ロク・リョク・リキ
仄	U+4EC4	4	ソク・ショク・シキ・かたむく・ほのか
仆	U+4EC6	4	フ・ホク・たおれる
仍	U+4ECD	4	ジョウ・なお・よる
从	U+4ECE	4	ショウ・ジュウ
仗	U+4ED7	5	ジョウ・チョウ・よる
仞	U+4EDE	5	ジン
仟	U+4EDF	5	セン・かしら
仭	U+4EED	5	ジン・ニン・ひろ
价	U+4EF7	6	カイ
伉	U+4F09	6	コウ・たぐい・ならぶ
伜	U+4F1C	6	サイ・ソツ・せがれ
估	U+4F30	7	コ・あきなう・あたい
佇	U+4F47	7	チョ・たたずむ
佗	U+4F57	7	タ・ダ・イ・ほか・わびる
佚	U+4F5A	7	イツ・イチ・テツ・デチ・たのしむ
佛	U+4F5B	7	フツ・ブツ・ホツ・ヒツ・ボチ・ビチ・ブチ・ほとけ
佝	U+4F5D	7	ク・コウ
佞	U+4F5E	7	ネイ・デイ・おもねる・よこしま
佩	U+4F69	8	ハイ・おびる・はく
佯	U+4F6F	8	ヨウ・いつわる
佰	U+4F70	8	ハク・バク・ヒャク
佶	U+4F76	8	キツ・ゴチ
佻	U+4F7B	8	チョウ・ジョウ・ヨウ
來	U+4F86	8	ライ・リョク・リキ・くる
侈	U+4F88	8	シ・イ・シャ・セ・おごる
侏	U+4F8F	8	シュ・チュ・チュウ
侑	U+4F91	8	ユウ・すすめる・たすける
侖	U+4F96	8	ロン・リン
侘	U+4F98	8	タ・わびしい・わびる・ほこる・わび
侫	U+4FAB	8	ネイ・ニョウ・おもねる
俎	U+4FCE	9	ソ・ショ・まないた
俐	U+4FD0	9	リ・かしこい
俑	U+4FD1	9	ヨウ・ユ・トウ・ツ
俔	U+4FD4	9	ケン・ゲン・うかがう
俘	U+4FD8	9	フ・とりこ
俚	U+4FDA	9	リ・いやしい
俛	U+4FDB	9	フ・ベン・メン・ふせる
俟	U+4FDF	9	シ・キ・まつ
俤	U+4FE4	9	おもかげ
俥	U+4FE5	9	くるま
俯	U+4FEF	10	フ・ふせる
俶	U+4FF6	10	シュク・テキ・はじめ・よい
俾	U+4FFE	10	ヘイ・ヒ・しむ
倅	U+5005	10	ソツ・サイ・セ・ソチ・せがれ
倆	U+5006	10	リョウ
倏	U+500F	10	シュク・たちまち
們	U+5011	10	モン・ボン・メン
倔	U+5014	10	クツ・つよい
倚	U+501A	10	イ・キ・よる
倡	U+5021	10	ショウ・となえる・わざおぎ
倥	U+5025	10	コウ・ク
倨	U+5028	10	キョ・コ・おごる
倩	U+5029	10	セン・セイ・ショウ・つらつら
倪	U+502A	10	ゲイ・ガイ・ゲツ
倬	U+502C	10	タク・チョク
偃	U+5043	11	エン・ふせる・ふす
假	U+5047	11	カ・かり
偈	U+5048	11	ゲ・ケツ・ケイ・ゲチ
偐	U+5050	11	ゲン・ガン
偕	U+5055	11	カイ・ともに・ともにする
偖	U+5056	11	シャ・さて
做	U+505A	11	サ・なす
偬	U+506C	11	ソウ・ス
偸	U+5078	11	チュウ・トウ・ツ・ぬすむ
傀	U+5080	12	カイ・キ・ケ・おおきい
傅	U+5085	12	フ・ブ・デン・つく・もり・かしずく
傚	U+509A	12	コウ・ゴウ・ならう
傲	U+50B2	13	ゴウ・おごる・あなどる
傳	U+50B3	13	デン・テン・つたう・つたわる
傴	U+50B4	13	ウ・かがむ・せむし
僂	U+50C2	13	ル・ロウ・リュウ・かがむ
僉	U+50C9	13	セン・みな
僊	U+50CA	14	セン
僖	U+50D6	14	キ・よろこぶ
僞	U+50DE	14	ギ・イ・ガ・キ・いつわる
僣	U+50E3	14	セン・テツ・テチ
僥	U+50E5	14	ギョウ・キョウ
僭	U+50ED	14	セン・シン・おごる
僮	U+50EE	14	ドウ・トウ・ズ
僵	U+50F5	15	キョウ・コウ・たおれる・たおす
價	U+50F9	15	カ・ケ・あたい
儁	U+5101	15	シュン・すぐれる
儂	U+5102	15	ドウ・ヌ・ノウ・わし
儉	U+5109	15	ケン・ゲン・つづまやか
儔	U+5114	16	チュウ・ジュ・トウ・ドウ・ともがら
儕	U+5115	16	サイ・セイ・ザイ・ともがら
儖	U+5116	16	ラン
儘	U+5118	16	シン・ジン・ことごとく・まま
儚	U+511A	15	ボウ・ビョウ・ミョウ・ム・はかない
儡	U+5121	17	ライ・ギ
儷	U+5137	21	レイ・ライ・リ・ならぶ
儺	U+513A	21	ダ・ナ・おにやらい
儻	U+513B	22	トウ・もし・あるいは
儼	U+513C	22	ゲン・ゴン・いかめしい・おごそか
儿	U+513F	2	ジン・ニン・カイ・ひとあし
兀	U+5140	3	コツ・ゴツ・ゴチ
兌	U+514C	7	ダ・タイ・エイ・エツ・タツ・ダチ・エチ・ダイ・よろこぶ
兒	U+5152	8	ジ・ニ・ゲイ・こ
兔	U+5154	8	ト・ツ
兢	U+5162	14	キョウ・コウ・ゴウ・おそれる・つつしむ
兩	U+5169	8	リョウ・ふたつ
兪	U+516A	9	ユ・シュ・ユウ
兮	U+516E	4	ケイ・ゲイ
冀	U+5180	16	キ・こいねがう・こいねがわくは
冂	U+5182	2	ケイ・キョウ・ギョウ・えんがまえ
冉	U+5189	5	ゼン・ネン
册	U+518C	5	サツ・サク・ふみ
冏	U+518F	7	ケイ・キョウ・あきらか
冐	U+5190	8	ボウ・おかす
冑	U+5191	9	チュウ・ジュウ・かぶと・よろい
冓	U+5193	10	コウ・ク
冕	U+5195	11	ベン・メン・かんむり
冖	U+5196	2	ベキ・ミャク・わかんむり
冢	U+51A2	10	チョウ・チュ・つか
冤	U+51A4	10	エン・オン
冦	U+51A6	10	コウ・あだする
冩	U+51A9	14	シャ・ソ・うつす
冪	U+51AA	15	ベキ・ミャク
冫	U+51AB	2	ヒョウ・にすい
冰	U+51B0	6	ヒョウ・ギョウ・ゴウ・こおり
冱	U+51B1	6	コ・ゴ・こおる・さえる
冲	U+51B2	6	チュウ・ジュ・ズ・トウ・おき
决	U+51B3	6	ケツ・きめる・きまる
况	U+51B5	7	キョウ・いわんや
冽	U+51BD	8	レツ・レイ・レチ
凅	U+51C5	10	コ・ク・こおる
凉	U+51C9	10	リョウ・すずしい
凖	U+51D6	12	ジュン・ひとしい
凛	U+51DB	15	リン
凜	U+51DC	15	リン・キン・ゴン
几	U+51E0	2	キ・きにょう・つくえ
凩	U+51E9	6	こがらし
凭	U+51ED	8	ヒョウ・ビョウ・ヘイ・もたれる・よる
凰	U+51F0	11	オウ・コウ・おおとり
凵	U+51F5	2	カン・ケン・コン・かんにょう・うけばこ
凾	U+51FE	9	カン・はこ
刄	U+5204	3	ジン・ニン・は・やいば
刋	U+520B	5	セン・カン・きる
刎	U+520E	6	フン・ブン・モン・くびはねる・たつ・はねる
刔	U+5214	6	ケツ・ケチ・えぐる
刧	U+5227	7	キョウ・おびやかす
刪	U+522A	7	サン・けずる
刮	U+522E	8	カツ・けずる
刳	U+5233	8	コ・コウ・ク・えぐる
刹	U+5239	8	セツ・サツ・セチ
剄	U+5244	9	ケイ・キョウ・くびきる
剋	U+524B	9	コク・かつ
剌	U+524C	9	ラツ・シ・もとる・さす
剏	U+524F	9	ソウ・はじめる
剔	U+5254	10	テキ・テイ・セキ・えぐる・くじる
剞	U+525E	10	キ・イ・きざむ
剩	U+5269	12	ジョウ・あまる
剪	U+526A	11	セン・きる・たつ
剱	U+5271	11	ケン・つるぎ
剳	U+5273	11	トウ
剴	U+5274	12	ガイ・カイ
剽	U+527D	13	ヒョウ・おびやかす・さす
剿	U+527F	13	ソウ・ショウ・かすめる
劈	U+5288	15	ヘキ・ヒャク・さく・つんざく
劍	U+528D	15	ケン・つるぎ
劑	U+5291	16	スイ・セイ・ザイ・まぜる
劒	U+5292	16	ケン・つるぎ
劔	U+5294	16	ケン・つるぎ
劬	U+52AC	7	ク・グ・つかれる
劭	U+52AD	7	ショウ・キョウ・つとめる
劵	U+52B5	8	ケン・ゲン
劼	U+52BC	8	カツ・ケチ・キツ・キチ
勁	U+52C1	9	ケイ・キョウ・つよい
勍	U+52CD	10	ケイ・ギョウ・つよい
勒	U+52D2	11	ロク
勗	U+52D7	11	キョク・つとめる
勞	U+52DE	12	ロウ・いたわる
勠	U+52E0	13	リク・リュウ・リョウ・ロク・ル・あわせる
勣	U+52E3	13	セキ・シャク・いさお
勦	U+52E6	13	ソウ・ショウ・ジョウ
勳	U+52F3	16	クン・いさお
勵	U+52F5	16	レイ・はげむ
勸	U+52F8	19	カン・ケン・すすめる
勹	U+52F9	2	ホウ・ヒョウ・つつみがまえ・つつむ
匆	U+5306	5	ソウ・いそがしい
匈	U+5308	6	キョウ・ク
匍	U+530D	9	ホ・フ・ブ・はう
匏	U+530F	11	ホウ・ビョウ・ひさご
匐	U+5310	11	フク・ホク・ボク
匕	U+5315	2	ヒ・さじ・さじのひ
匚	U+531A	2	ホウ・ボウ・はこがまえ
匣	U+5323	7	コウ・ゴウ・はこ
匯	U+532F	13	カイ・ワイ・めぐる
匱	U+5331	14	キ・ギ・ひつ
匳	U+5333	15	レン・くしげ
匸	U+5338	2	ケイ・ゲイ・かくしがまえ
區	U+5340	11	ク・オウ・オ・コウ・キュウ
卅	U+5345	4	ソウ・さんじゅう
卆	U+5346	4	ソツ・おわる
卉	U+5349	5	キ・クツ・くさ
卍	U+534D	6	マン・バン・まんじ
卞	U+535E	4	ベン・ヘン・ハン
卩	U+5369	2	セツ・セチ・ふしづくり・わりふ
卮	U+536E	5	シ・キ・さかずき
卷	U+5377	8	カン・ゲン・コン・まき
卻	U+537B	9	カク・キャク・しりぞく
厂	U+5382	2	カン・ゲン・ゴン・がんだれ
厖	U+5396	9	ボウ・モウ・おおきい
厠	U+53A0	11	シ・かわや
厥	U+53A5	12	クツ・ケツ・カチ・クチ・その・それ
厦	U+53A6	12	カ・サ・シャ
厮	U+53AE	14	シ
厰	U+53B0	14	ショウ
厶	U+53B6	2	シ・ボウ・モ・コウ・ござる・む
參	U+53C3	11	サン・シン・まいる
叟	U+53DF	9	ソウ・シュウ・ショウ・シン・おきな
叨	U+53E8	5	トウ・みだりに
叭	U+53ED	5	ハツ・ハチ・ハ
叮	U+53EE	5	テイ・チョウ
叺	U+53FA	5	セキ・かます
吁	U+5401	6	ク・ウ・キョ・コ・ああ
吝	U+541D	7	リン・おしむ・やぶさか
吩	U+5429	7	フン
听	U+542C	7	キン・ギン・テイ・チョウ・ギツ・ゴチ・ギ・ゲ・ポンド・わらう
吭	U+542D	7	コウ・ゴウ・のど
吮	U+542E	7	セン・エン・シュン・ジュン・すう
吶	U+5436	7	トツ・ドツ・ジュツ・デツ・ナチ・ゼツ・ネチ・ニュチ・どもる
吼	U+543C	7	コウ・ク・ほえる
吽	U+543D	7	ウン・オン・コウ・イン・ゴウ・ほえる
呀	U+5440	7	ガ・カ・ケ・あ
呎	U+544E	7	セキ・フィート
呟	U+545F	8	ゲン・ケン・つぶやく
呰	U+5470	8	シ・ジ・セキ・シャク・セイ・サ
呱	U+5471	9	コ・ク・ワ
呵	U+5475	8	カ・ガ・ア・しかる・わらう
呶	U+5476	8	ド・ドウ・ニョウ・ダ・ナ・かまびすしい
呷	U+5477	8	コウ・あおる・すう
呻	U+547B	8	シン・うめく
咀	U+5480	8	ソ・ショ・ジョ・かむ
咄	U+5484	8	トツ・タツ・トチ・タチ・しかる・はなし・はなす
咆	U+5486	8	ホウ・ビョウ・ほえる
咎	U+548E	8	キュウ・コウ・ク・とが・とがめる
咏	U+548F	8	エイ・ヨウ・うたう
咐	U+5490	8	フ・ホ・ブ
咒	U+5492	8	ジュ・のろう
咢	U+54A2	9	ガク・おどろく
咤	U+54A4	9	タ・ト・ツ・タク・しかる
咥	U+54A5	9	テツ・キ・ケ・ギチ・チチ・デチ・テチ・シ
咨	U+54A8	9	シ・ああ・はかる
咫	U+54AB	9	シ・た
咬	U+54AC	9	コウ・オウ・ゴウ・ヨウ・カイ・ギョウ・キョウ・かむ
咯	U+54AF	9	カク・ラク
咸	U+54B8	9	カン・ゲン・ゴン・みな
咼	U+54BC	9	カ・カイ・ケ
咾	U+54BE	9	ロウ
哂	U+54C2	9	シン・わらう
哄	U+54C4	9	コウ・キョウ・グ・ク
哇	U+54C7	9	アイ・ワ・エ・カイ・ケ・ケイ・ア
哈	U+54C8	9	ゴウ・ソウ・コウ・ハ・トウ・カ
哘	U+54D8	9	さそ・さそう
哢	U+54E2	10	ロウ・ル・さえずる
哥	U+54E5	10	カ・うた・うたう
哦	U+54E6	10	ガ・うたう・よむ
哭	U+54ED	10	コク・なく
哮	U+54EE	10	コウ・カク・キョウ・ほえる・たける
哺	U+54FA	10	ホ・ブ・フ・ふくむ・はぐくむ
哽	U+54FD	10	コウ・キョウ・オウ・ヨウ・むせぶ
唏	U+550F	10	キ・ケ・カイ・なく・なげく
唔	U+5514	10	ゴ
售	U+552E	11	シュウ・ジュ・シュク・ジュク・うる
唳	U+5533	10	レイ・レツ・ライ・レチ
唸	U+5538	11	テン・うなり・うなる
唹	U+5539	11	オ・ヨ
啀	U+5540	11	ガイ・ゲ・いがむ
啅	U+5545	11	タク・チョク・サク・トウ・チョウ
啌	U+554C	11	コウ
啖	U+5556	11	タン・ダン・くう・くらわす・くらう
啗	U+5557	11	タン・ダン・くう・くらう・くらわす
啜	U+555C	11	セツ・テツ・セイ・テイ・エイ・テチ・セチ・セ・すする
啝	U+555D	11	カ・ワ
啣	U+5563	11	カン・くつわ
啻	U+557B	12	シ・テイ・タイ・ただ・ただに
啼	U+557C	12	テイ・ダイ・なく
啾	U+557E	12	シュウ・シュ・ショウ・ソウ・ジュウ・なく
喀	U+5580	12	カク・キャク・はく
喃	U+5583	12	ナン・ダン・のう
喇	U+5587	12	ラ・ラツ・ラチ
喊	U+558A	12	カン・さけぶ
喘	U+5598	12	セン・ゼン・あえぐ・せき
喙	U+5599	12	カイ・ケ・セイ・セ・ケイ・トウ・ツ・くちばし
喞	U+559E	12	ショク・ソク・シツ・シチ・かこつ
喟	U+559F	12	キ・カイ・ケ・なげく
喨	U+55A8	12	リョウ
喩	U+55A9	12	ユ・ジュ・さとす・たとえる・さとる
單	U+55AE	12	タン・セン・ゼン・ダン・ひとつ
嗄	U+55C4	13	サ・シャ・ワイ・アイ・エ・かれる
嗅	U+55C5	13	キュウ・ク・かぐ
嗇	U+55C7	13	ショク・シキ・おしむ・やぶさか
嗔	U+55D4	13	シン・テン・デン・いかる
嗚	U+55DA	13	オ・ウ・ああ
嗜	U+55DC	13	シ・ジ・たしなみ・たしなむ
嗟	U+55DF	13	サ・シャ・ああ・なげく
嗤	U+55E4	13	シ・わらう
嗷	U+55F7	14	ゴウ
嗹	U+55F9	14	レン
嗽	U+55FD	14	ソウ・サク・ソク・シュウ・シュ・くちすすぐ・すう・せく
嗾	U+55FE	14	ソウ・シュ・サ・ソク・ゾク・そそのかす・けしかける
嘔	U+5614	14	オウ・ク・オ・ウ・シュ・うたう・はく
嘖	U+5616	14	サク・ジャク・さけぶ
嘛	U+561B	14	マ
嘯	U+562F	16	ショウ・シツ・シュク・シチ・うそぶく
嘲	U+5632	15	チョウ・トウ・あざける
嘴	U+5634	15	シ・くちばし
嘶	U+5636	15	セイ・サイ・いななく
嘸	U+5638	15	フ・ム・ブ・さぞ
噎	U+564E	15	エツ・エイ・イツ・アイ・イチ・エチ・むせぶ・むせる
噐	U+5650	15	キ・うつわ
噤	U+5664	16	キン・ゴン・つぐむ
噪	U+566A	16	ソウ・さわぐ
噫	U+566B	16	アイ・イ・オク・エ・ヨク・オキ・ああ・おくび
噬	U+566C	16	ゼイ・セイ・エイ・かむ
嚀	U+5680	17	ネイ・デイ・ニョウ
嚆	U+5686	16	コウ・キョウ・さけぶ
嚊	U+568A	17	ヒ・キ・かかあ・かか
嚏	U+568F	17	テイ・くさめ
嚔	U+5694	18	テイ・タイ・チ・くさめ
嚠	U+56A0	18	リュウ
嚥	U+56A5	19	エン・のむ
嚮	U+56AE	19	キョウ・コウ・さきに・むかう
嚴	U+56B4	20	ゲン・ゴン・ガン・きびしい
嚶	U+56B6	20	オウ・ヨウ・なく
嚼	U+56BC	21	シャク・ザク・ショウ・ジョウ・かむ
囀	U+56C0	21	テン・さえずる
囁	U+56C1	21	ショウ・ニョウ・ジョウ・セツ・ささやく
囂	U+56C2	21	ゴウ・キョウ・かまびすしい
囃	U+56C3	21	ソウ・はやし・はやす
囈	U+56C8	21	ゲイ・うわごと
囎	U+56CE	22	そ
囑	U+56D1	24	ソク・ショク・たのむ
囓	U+56D3	24	ゲツ・かむ
囗	U+56D7	3	イ・コク・くにがまえ
囘	U+56D8	5	カイ・まわる
囮	U+56EE	7	ガ・ウ・カ・ユウ・おとり
囹	U+56F9	8	レイ・リョウ
囿	U+56FF	9	ユウ・イク・ウ・その
圀	U+5700	9	コク・くに
圄	U+5704	10	ギョ・ゴ・ひとや
圈	U+5708	11	ケン・ゲン・ガン・ゴン・カン・おり・かこい
圉	U+5709	11	ギョ・ゴ・うまかい・ひとや
國	U+570B	11	コク・くに
圍	U+570D	12	イ・かこむ
圓	U+5713	13	エン・オン・ウン・まるい
圖	U+5716	14	ト・ズ・はかる
團	U+5718	14	タン・ダン・セン・ゼン・トン・ドン・まるい
圜	U+571C	16	エン・カン・オン・ゲン・ケン・セン・ゼン・ギン・まるい・めぐる
圦	U+5726	5	いり
圷	U+5737	6	あくつ
圸	U+5738	6	まま
圻	U+573B	7	キ・ゲ・ギン・ゴン・さかい
址	U+5740	7	シ・あと
坎	U+574E	7	カン・コン・あな
坏	U+574F	7	ハイ・カイ・ヘ・つき・おか
坡	U+5761	8	ハ・ヒ・つつみ
坩	U+5769	8	カン・つぼ
坿	U+577F	8	フ・ブ
垈	U+5788	8	ぬた
垉	U+5789	8	ホウ・くずれる
垓	U+5793	9	ガイ・カイ
垠	U+57A0	9	ギン・コン・ゴン・きし・さかい・かぎり
垤	U+57A4	9	テツ・デチ・チツ・ジチ・ありづか
垪	U+57AA	9	は
垰	U+57B0	9	たお
垳	U+57B3	9	がけ
埀	U+57C0	10	スイ・たれる・たらす
埃	U+57C3	10	アイ・チ・ジ・ちり・ほこり
埆	U+57C6	10	カク・ガク・きそう
埒	U+57D2	10	ラチ・レツ・ラツ・レチ・かこい
埓	U+57D3	10	レツ・ラチ・かこい
埔	U+57D4	10	ホ
埖	U+57D6	10	ごみ
埣	U+57E3	11	サイ・セ・ソツ・ソチ
堊	U+580A	11	ア・オ・アク・ウ・しろつち
堋	U+580B	11	ホウ・ボウ・ヒョウ・ほうむる
堙	U+5819	12	イン・ふさぐ
堝	U+581D	12	カ・るつぼ
堡	U+5821	12	ホ・ホウ・とりで
堯	U+582F	12	ギョウ・たかい
堽	U+583D	12	コウ
塋	U+584B	13	エイ・ヨウ・はか
塒	U+5852	13	シ・ジ・ねぐら・とや
塢	U+5862	13	オ・ウ
塰	U+5870	13	あま
塲	U+5872	14	ジョウ・ば
塹	U+5879	14	ザン・セン・ほり
墅	U+5885	14	ショ・ジョ・ヤ・しもやしき
墟	U+589F	15	キョ・コ・あと・おか
墫	U+58AB	15	ソン・シュン・たる
墮	U+58AE	15	タ・ダ・キ・スイ・くずれる
墸	U+58B8	15	
墹	U+58B9	15	まま
墺	U+58BA	16	オウ・イク・きし
墻	U+58BB	16	ショウ・かき
壅	U+58C5	16	ヨウ・ユ・ふさぐ
壑	U+58D1	17	ガク・カク・たに
壓	U+58D3	17	アツ・オウ・エン・ヨウ・ジョウ・ニョウ・おさえる
壗	U+58D7	17	まま
壘	U+58D8	18	ルイ・キ・ライ・リツ・リチ・とりで
壙	U+58D9	18	コウ・あな
壜	U+58DC	19	タン・ドン・びん
壞	U+58DE	19	カイ・ケ・エ・こわす
壟	U+58DF	19	ロウ・リョウ・リュ・ル・うね・つか
壤	U+58E4	20	ジョウ・ニョウ・つち
壥	U+58E5	20	テン・みせ・やしき
壯	U+58EF	7	ショウ・ソウ・さかん
壹	U+58F9	12	イツ・イン・イチ・ひとつ
壺	U+58FA	12	コ・ゴ・つぼ
壻	U+58FB	12	サイ・セイ・むこ
壼	U+58FC	13	コン・キン
壽	U+58FD	14	シュウ・ジュ・ことぶき
夂	U+5902	3	チ・シュウ・シュ・ふゆがしら
夊	U+590A	3	スイ・すいにょう
夐	U+5910	14	ケイ・キョウ・ケン・はるか
夘	U+5918	5	ボウ・ミョウ・う
夛	U+591B	6	タ・おおい
夥	U+5925	14	カ・ワ・カイ・ゲ・おびただしい
夬	U+592C	4	カイ・ケ・ケツ・ケチ・わける
夭	U+592D	4	ヨウ・ヤ・オウ・ヨク・オク・ワイ・わかい・わかじに・わざわい
夲	U+5932	5	トウ・ホン・もと
夸	U+5938	6	カ・コ・ケ・ク・おごる
夾	U+593E	7	キョウ・コウ・はさむ
奎	U+594E	9	ケイ・ケ・キ
奐	U+5950	9	カン
奕	U+5955	9	エキ・ヤク
奘	U+5958	10	ジョウ・ソウ・ゾウ・さかん
奚	U+595A	10	ケイ・ゲイ・なんぞ
奠	U+5960	12	テン・デン・テイ・チョウ・ジョウ・さだめる・まつる
奢	U+5962	12	シャ・おごる
奧	U+5967	13	オウ・イク・ユウ・サン・おく
奩	U+5969	14	レン・くしげ
奬	U+596C	14	ショウ・すすめる
奸	U+5978	6	カン・ケン・おかす
妁	U+5981	6	シャク・なこうど
妍	U+598D	7	ケン・うつくしい
妛	U+599B	7	
妝	U+599D	7	ショウ・ソウ・よそおう
妣	U+59A3	7	ヒ・はは
妲	U+59B2	8	ダツ・タツ・タチ・タン
姆	U+59C6	8	ボ・ボウ・モ
姙	U+59D9	9	ニン・はらむ
姚	U+59DA	9	ヨウ・チョウ・トウ・ドウ・うつくしい
姜	U+59DC	9	キョウ・コウ
姨	U+59E8	9	イ・おば
娉	U+5A09	10	ヘイ・ヒョウ・ホウ・とう
娑	U+5A11	10	サ・シャ
娚	U+5A1A	10	ドウ・ノウ・ナン
娜	U+5A1C	10	ダ・ナ
娟	U+5A1F	10	エン・ケン
娥	U+5A25	10	ガ・みめよい
娵	U+5A35	11	シュ・シュウ・ソウ・よめ
娶	U+5A36	11	シュ・ショ・シュウ・めとる
婀	U+5A40	11	ア・たおやか
婉	U+5A49	11	エン・ワン・オン・うつくしい・したがう
婢	U+5A62	11	ヒ・ビ・はしため
婪	U+5A6A	11	ラン・むさぼる
婬	U+5A6C	11	イン・みだら
媚	U+5A9A	12	ビ・ミ・こびる
媼	U+5ABC	13	オウ・ウン・オン・オツ・オチ・おうな・ばば
媽	U+5ABD	13	ボ・マ・モ・はは
媾	U+5ABE	13	コウ・ク・よしみ
嫂	U+5AC2	12	ソウ・あによめ
嫋	U+5ACB	13	ジョウ・ジャク・ダク・デキ・ニョウ・ニョク・たおやか
嫐	U+5AD0	13	ドウ・ノウ・ジョウ・なぶる
嫖	U+5AD6	14	ヒョウ・かるい
嫗	U+5AD7	14	ウ・ヨ・オ・コウ・ク・オウ・おうな
嫣	U+5AE3	14	エン・ケン
嫦	U+5AE6	14	ジョウ・コウ・ショウ
嫩	U+5AE9	14	ドン・ノン・ナン・わかい
嫺	U+5AFA	15	カン・ゲン・ならう・みやびやか
嫻	U+5AFB	15	カン・みやびやか
嬋	U+5B0B	15	セン・ゼン
嬌	U+5B0C	15	キョウ・なまめかしい
嬖	U+5B16	16	ヘイ・ヒ・きにいり
嬪	U+5B2A	17	ヒン・ビン・ひめ
嬲	U+5B32	17	ジョウ・ノウ・ドウ・ニョウ・なぶる
嬶	U+5B36	17	かか・かかあ
嬾	U+5B3E	19	ラン・おこたる・ものうい
孀	U+5B40	20	ソウ・ショウ・やもめ
孃	U+5B43	20	ジョウ・ニョウ・ドウ・むすめ
孅	U+5B45	20	セン・かよわい
孑	U+5B51	3	ケツ・ゲツ・キツ・キチ・ひとり
孕	U+5B55	5	ヨウ・はらむ
孚	U+5B5A	7	フ・フウ・ブ・たまご・はぐくむ
孛	U+5B5B	7	ボツ・ベ・ボチ・フチ・ハイ・ホツ・フツ・ヒ
孥	U+5B65	8	ド・ヌ
孩	U+5B69	9	ガイ・カイ・ちのみご
孰	U+5B70	11	シュク・ジュク・いずれ・たれ
孱	U+5B71	12	セン・サン・ゼン・よわい
孳	U+5B73	12	ジ・シ・うむ・しげる
孵	U+5B75	14	フ・かえす
學	U+5B78	16	ガク・カク・コウ・キョウ・まなぶ
孺	U+5B7A	17	ジュ・ニュ・おさない・ちのみご
宀	U+5B80	3	ベン・メン・うかんむり
它	U+5B83	5	タ・シャ・ジャ・へび
宦	U+5BA6	9	カン・ゲン・つかさ
宸	U+5BB8	10	シン・ジン・のき
寃	U+5BC3	11	エン・うらみ
寇	U+5BC7	11	コウ・ク・あだ・あだする
寉	U+5BC9	11	つる
寐	U+5BD0	12	ビ・ミ・ねる
寔	U+5BD4	12	ショク・ジキ・これ・まことに
寞	U+5BDE	13	バク・マク・さびしい
寢	U+5BE2	14	シン・ねる
寤	U+5BE4	14	ゴ・さめる
寥	U+5BE5	14	リョウ・レキ・ロウ・リャク・さびしい
實	U+5BE6	14	ジツ・ジチ・シ・シツ・みのる
寨	U+5BE8	14	サイ・ゼ・ソク・とりで
寫	U+5BEB	15	シャ・ソ・うつす
寰	U+5BF0	16	カン・ケン・ゲン
寳	U+5BF3	19	ホウ・たから
寶	U+5BF6	20	ホウ・たから
尅	U+5C05	10	コク・かつ
將	U+5C07	11	ショウ・ソウ・ヨウ・ひきいる
專	U+5C08	11	セン・タン・ダン・もっぱら
對	U+5C0D	14	タイ・ツイ・むかう
尓	U+5C13	5	ジ・シ・キ・ギ・なんじ・しめす
尠	U+5C20	13	セン・シュ・ショウ・すくない
尢	U+5C22	3	オウ・ユウ・まげあし・もっとも
尨	U+5C28	7	ボウ・モウ・ム・むくいぬ
尸	U+5C38	3	シ・かたしろ・しかばね・しかばねかんむり
尹	U+5C39	4	イン・おさ・ただす・かみ
屁	U+5C41	7	ヒ・へ
屆	U+5C46	8	カイ・ケ・とどける
屎	U+5C4E	9	シ・キ・くそ
屏	U+5C4F	9	ビョウ・ヘイ・しりぞく・しりぞける
屐	U+5C50	10	ゲキ・ケキ・はきもの
屓	U+5C53	10	キ
屬	U+5C6C	21	ゾク・やから
屮	U+5C6E	3	サ
屶	U+5C76	5	なた
屹	U+5C79	6	キツ・ギツ・ゴチ・そばだつ
岌	U+5C8C	7	キュウ・ギュウ・ゴウ・たかい
岑	U+5C91	7	シン・ギン・みね
岔	U+5C94	7	タ・サ・フン
岫	U+5CAB	8	シュウ・ユウ・ユ・くき・みね
岶	U+5CB6	8	ハク・ヒャク
岷	U+5CB7	8	ビン・ミン
岻	U+5CBB	8	ジ・テイ・タイ・ニ・チ
岼	U+5CBC	8	ゆり
岾	U+5CBE	8	やま
峅	U+5CC5	8	クラ
峇	U+5CC7	9	コウ
峙	U+5CD9	9	ジ・チ・そばだつ
峩	U+5CE9	10	ガ
峪	U+5CEA	10	ヨク・ユウ・たに
峭	U+5CED	10	ショウ・きびしい・けわしい
峺	U+5CFA	10	コウ・キョウ
峽	U+5CFD	10	キョウ・コウ・はざま
崋	U+5D0B	10	カ・ゲ
崑	U+5D11	11	コン
崔	U+5D14	11	サイ・スイ・セ
崕	U+5D15	11	ガイ・がけ
崗	U+5D17	11	コウ・おか
崘	U+5D18	11	ロン
崙	U+5D19	11	ロン・リン
崚	U+5D1A	11	リョウ
崛	U+5D1B	11	クツ・グツ・グチ・たかい・そばだつ
崟	U+5D1F	11	ギン・ゴン
崢	U+5D22	11	ソウ・ジョウ
嵋	U+5D4B	12	ビ・ミ・バイ・メ
嵌	U+5D4C	12	カン・ガン・サン・ザン・あな・はめる
嵎	U+5D4E	12	グウ・ゴウ・グ・くま
嵒	U+5D52	12	ガン・ギン・ゴン・ギュウ・ゴウ・いわ
嵜	U+5D5C	12	キ・ゲ・イ・さき・みさき
嵬	U+5D6C	13	カイ・ガイ・ゲ・ワイ・エ・ギ・イ
嵳	U+5D73	13	サ
嵶	U+5D76	13	たお
嶂	U+5D82	14	ショウ・みね
嶄	U+5D84	14	ザン・サン・セン・ゼン
嶇	U+5D87	14	ク・けわしい
嶌	U+5D8C	14	トウ・しま
嶐	U+5D90	15	リュウ・リュ
嶝	U+5D9D	15	トウ・さか・さかみち
嶢	U+5DA2	15	ギョウ・けわしい
嶬	U+5DAC	16	ギ
嶮	U+5DAE	16	ケン・ゲン・けわしい・けわし
嶷	U+5DB7	17	ギ・ギョク・ゴキ・さとい・さとし
嶼	U+5DBC	17	ショ・ジョ・しま
嶽	U+5DBD	17	ガク・たけ
巉	U+5DC9	20	ザン・サン
巒	U+5DD2	22	ラン・みね
巓	U+5DD3	22	テン・いただき
巖	U+5DD6	23	ガン・ゴン・いわお
巛	U+5DDB	3	セン・まがりがわ・かわ
巫	U+5DEB	7	フ・ブ・かんなぎ・みこ
已	U+5DF2	3	イ・シ・コ・キ・すでに・のみ・はなはだ・やむ・やめる・み・おのれ
巵	U+5DF5	7	シ・さかずき
帋	U+5E0B	7	シ・カミ
帑	U+5E11	8	ド・トウ・ヌ・かねぐら
帙	U+5E19	8	チツ・ふまき
帚	U+5E1A	8	シュウ・ソウ・シュ・ほうき
帛	U+5E1B	8	ハク・ビャク・きぬ
帶	U+5E36	11	タイ・おび
帷	U+5E37	11	イ・とばり・かたびら
幀	U+5E40	12	テイ・トウ・チョウ
幃	U+5E43	12	イ・キ・とばり
幄	U+5E44	12	アク・とばり
幇	U+5E47	12	ホウ・たすける
幎	U+5E4E	13	ベキ・ミャク・ベン・メン・ベイ・ミョウ・とばり
幔	U+5E54	14	マン・バン・まく
幗	U+5E57	14	カク・カイ・キャク・ケ
幟	U+5E5F	15	シ・のぼり
幢	U+5E62	15	トウ・ドウ・ジョウ・ズ・はた・はたぼこ
幤	U+5E64	15	ヘイ・ぜに・たから・ぬさ
幵	U+5E75	6	ケン・ゲン
并	U+5E76	6	ヘイ・ヒョウ・あわせる・ならぶ
幺	U+5E7A	3	ヨウ・ベキ・ミャク・ちいさい・いとがしら
广	U+5E7F	3	ゲン・まだれ
庠	U+5EA0	9	ショウ・ジョウ・まなびや
廁	U+5EC1	12	シ・ショク・シキ・かわや
廂	U+5EC2	12	ショウ・ソウ・ひさし
廈	U+5EC8	13	カ・サ・ゲ・シャ
廏	U+5ECF	14	キュウ・ク・うまや
廐	U+5ED0	14	キュウ・うまや
廖	U+5ED6	14	リョウ・リュウ・チュウ・ル・チュ
廚	U+5EDA	15	チュウ・ズ・チュ・ジュ・くりや
廛	U+5EDB	15	テン・デン・みせ・やしき
廝	U+5EDD	15	シ
廡	U+5EE1	15	ブ・ム・ひさし
廢	U+5EE2	15	ハイ・ヘ・すたれる
廣	U+5EE3	15	コウ・ひろい
廨	U+5EE8	16	カイ・ケ・ゲ
廩	U+5EE9	16	リン・ラン・くら
廬	U+5EEC	19	ロ・リョ・いえ・いおり
廰	U+5EF0	20	チョウ
廱	U+5EF1	21	ヨウ・ユ・やわらぐ
廳	U+5EF3	25	チョウ・テイ
廴	U+5EF4	3	イン・いんにょう・えんにょう
廸	U+5EF8	8	テキ・みち
廾	U+5EFE	3	キョウ・ク・にじゅうあし
弃	U+5F03	7	キ・すてる
弉	U+5F09	10	ソウ・ジョウ・さかん
弋	U+5F0B	3	ヨク・イキ・いぐるみ・しきがまえ
弌	U+5F0C	4	イチ・ひとつ
弍	U+5F0D	5	ニ・ふたつ
弑	U+5F11	12	シ・シイ・しいする
弖	U+5F16	4	て
弩	U+5F29	8	ド・ヌ・いしゆみ・おおゆみ
弭	U+5F2D	9	ビ・ミ・ゆはず
弯	U+5F2F	9	ワン・ひく・まがる
弸	U+5F38	11	ホウ・ヒョウ
彁	U+5F41	13	
彈	U+5F48	15	タン・ダン・ひく
彌	U+5F4C	17	ミ・ド・ビ・わたる
彎	U+5F4E	22	ワン・ひく・まがる
彑	U+5F51	3	ケイ・けいがしら
彖	U+5F56	9	タン・シ
彗	U+5F57	11	スイ・セイ・エイ・ゼ・セ・イ・ケイ・ズイ・ほうき
彙	U+5F59	13	イ・はりねずみ
彜	U+5F5C	16	イ
彝	U+5F5D	18	イ・つね
彡	U+5F61	3	サン・セン・さんづくり
彭	U+5F6D	12	ホウ・ビョウ・ボウ
彳	U+5F73	3	テキ・チャク・ホク・フク・ぎょうにんべん
彷	U+5F77	7	ホウ・ボウ・さまよう
彿	U+5F7F	8	フツ・フチ
徂	U+5F82	8	ソ・ゾ・ゆく
徃	U+5F83	8	オウ・ゆく・いく・いなす
徇	U+5F87	9	ジュン・シュン・あまねし・したがう・となえる
很	U+5F88	9	コン・ゴン・もとる
徊	U+5F8A	9	カイ・エ
徑	U+5F91	10	ケイ・キョウ・こみち
徘	U+5F98	11	ハイ・ベ・さまよう
徙	U+5F99	11	シ・うつす
從	U+5F9E	11	ジュウ・ジュ・ショウ・ソウ・ゾウ・ス・したがう
徠	U+5FA0	11	ライ・きたる
徨	U+5FA8	12	コウ・オウ・さまよう
徭	U+5FAD	13	ヨウ・えだち
徼	U+5FBC	16	キョウ・ギョウ・ヨウ・めぐる・もとめる
忖	U+5FD6	6	ソン・はかる
忝	U+5FDD	8	テン・かたじけない
忤	U+5FE4	7	ゴ・さからう
忰	U+5FF0	7	スイ・やつれる
忱	U+5FF1	7	シン・ジン・まこと
忸	U+5FF8	7	ジク・ジュウ・ニク・ニュ・はじる・なれる
忻	U+5FFB	7	キン・コン・よろこぶ
忿	U+5FFF	8	フン・ブン・いかり・いかる
怎	U+600E	9	ソ・シン・ソウ・いかで
怏	U+600F	8	オウ・ヨウ・うらむ
怐	U+6010	8	コウ・ク
怕	U+6015	8	ハ・ハク・ヒャク・ヘ・バク・おそれる
怙	U+6019	8	コ・ゴ・たのむ
怛	U+601B	8	ダツ・タツ・タン・ダン・タチ・いたむ
怡	U+6021	8	イ・よろこぶ
怦	U+6026	8	ホウ・ヒョウ
怩	U+6029	8	ジ・ニ・デイ・ナイ・ニチ・ジツ・はじる
怫	U+602B	8	フツ・ヒ・ハイ・ベ・ブチ
怱	U+6031	9	ソウ
怺	U+603A	8	こらえる
恁	U+6041	10	ジン・イン・ニン
恂	U+6042	9	ジュン・シュン・まこと
恃	U+6043	9	ジ・シ・チ・たのむ
恆	U+6046	9	コウ・つね
恊	U+604A	9	キョウ・あわせる・かなう
恍	U+604D	9	コウ
恙	U+6059	10	ヨウ・つつが
恚	U+605A	10	イ・エ・ケイ・いかる・うらむ
恟	U+605F	9	キョウ・ク・おそれる
恠	U+6060	9	カイ・あやしむ
恣	U+6063	10	シ・ほしいまま
恤	U+6064	9	ジュツ・シュツ・あわれむ・うれえる
恪	U+606A	9	カク・つつしむ
恫	U+606B	9	トウ・ドウ・ツ・ヅ・いたむ
恬	U+606C	9	テン・デン・やすい
恷	U+6077	10	よし
悁	U+6081	10	エン・ケン・いきどおる
悃	U+6083	10	コン・まごころ
悄	U+6084	10	ショウ・うれえる
悋	U+608B	10	リン・やぶさか・ねたむ・おしむ
悍	U+608D	10	カン・ガン・ゲン・たけし・あらい
悒	U+6092	10	ユウ・イウ・オウ・うれえる
悖	U+6096	10	ハイ・ベ・ヘ・ボツ・ボチ・ホツ・もとる
悗	U+6097	10	バン・ボン・モン・マン
悚	U+609A	10	ショウ・シュ・おそれる
悛	U+609B	10	シュン・セン・あらためる
悧	U+60A7	10	リ
悳	U+60B3	12	トク
悴	U+60B4	11	スイ・ズイ・ジュチ・シュツ・せがれ・やつれる・かじかむ・かじける
悵	U+60B5	11	チョウ・いたむ・うらむ
悸	U+60B8	11	キ・ギ・おそれる・わななく・おそる
悽	U+60BD	11	セイ・サイ・いたむ
惆	U+60C6	11	チュウ・シュウ・キュウ・チュ・シュ・ク・ジュ・ニュ・うらむ
惓	U+60D3	11	ケン・ゲン
惘	U+60D8	11	ボウ・モウ・あきれる
惠	U+60E0	12	エ・ケイ・めぐむ
惡	U+60E1	12	アク・オ・ウ・わるい
惧	U+60E7	11	ク・グ・おそれる
惱	U+60F1	12	ノウ・ドウ・なやむ
惴	U+60F4	12	ズイ・スイ・カイ・ケ・おそれる
惶	U+60F6	12	コウ・オウ・おそれる
惷	U+60F7	13	シュン
惺	U+60FA	12	セイ・ショウ・さとる
惻	U+60FB	12	ソク・ショク・シキ・いたむ
愀	U+6100	12	シュウ・ショウ・ジュ・シュ
愃	U+6103	12	ケン・カン・セン
愆	U+6106	13	ケン・あやまる・あやまち
愍	U+610D	13	ビン・ミン・フン・あわれむ
愎	U+610E	12	フク・ヒョウ・ヒキ・もとる
愕	U+6115	12	ガク・ゴ・おどろく
愡	U+6121	12	ソウ
愧	U+6127	13	キ・はじる・はじ
愨	U+6128	14	カク・つつしむ・まこと
愬	U+612C	14	ソ・サク・シャク・うったえる
愴	U+6134	13	ソウ・ショウ・いたむ
愼	U+613C	13	シン・ジン・つつしむ
愽	U+613D	13	ハク
愾	U+613E	13	ガイ・キ・ケ・カイ・キツ・コチ・いかる・ためいき
愿	U+613F	14	ゲン・ガン・つつしむ
慂	U+6142	14	ヨウ・ユ
慄	U+6144	13	リツ・リチ・おそれる・おののく
慇	U+6147	14	イン・オン
慊	U+614A	13	ケン・キョウ・コウ・あきたりる・うらむ
慍	U+614D	13	ウン・オン・ウツ・ウチ・いかり・いかる・うらむ・いきどおる
慓	U+6153	14	ヒョウ・ビョウ
慘	U+6158	14	サン・シン・ザン・みじめ
慙	U+6159	15	ザン・サン・はじ・はじる
慚	U+615A	14	ザン・はじる
慝	U+615D	14	トク・ジョク・ニキ・わるい
慟	U+615F	14	ドウ・トウ・ズ・なげく
慥	U+6165	14	ソウ・ゾウ・たしか
慫	U+616B	15	ショウ・シュ
慯	U+616F	14	ショウ
慱	U+6171	14	タン・ダン・セン・ゼン
慳	U+6173	14	ケン・カン・おしむ
慴	U+6174	14	ショウ・チョウ・ジョウ・シュウ・ジュウ・おそれる
慵	U+6175	14	ヨウ・ショウ・ジュ・ものうい
慷	U+6177	14	コウ
憇	U+6187	15	ケイ・いこう
憊	U+618A	16	ハイ・ベ・ヘイ・ベイ・ホク・ボク・つかれる
憑	U+6191	16	ヒョウ・ビョウ・ボウ・たのむ・つく・よる
憔	U+6194	15	ショウ・ジョウ・やつれる
憖	U+6196	16	ギン・ゴン・キン・コン・ガツ・ゲチ・なまじいに
憙	U+6199	16	キ・よろこぶ
憚	U+619A	15	タ・タン・ダン・セン・エン・タツ・はばかり・はばかる
憫	U+61AB	15	ビン・ミン・あわれむ・うれえる
憬	U+61AC	15	ケイ・キョウ・さとる
憮	U+61AE	15	ブ・ム・コ・ク
憺	U+61BA	16	タン・ダン・うごく・やすい・やすらか
懃	U+61C3	17	キン・ゴン・ねんごろ
懆	U+61C6	16	ソウ
懈	U+61C8	16	カイ・ケ・おこたる
應	U+61C9	17	ヨウ・オウ・こたえる
懊	U+61CA	16	オウ・イク・なやむ
懋	U+61CB	17	ボウ・モ・つとめる
懌	U+61CC	16	エキ・ヤク・よろこぶ
懍	U+61CD	16	リン・ラン・キン・ゴン・おそれる
懣	U+61E3	18	マン・ボン・モン・バン・もだえる
懦	U+61E6	17	ダ・ジュ・ゼン・ネン・ダン・ナン・ナ・ニュ・よわい
懴	U+61F4	18	サン・セン・ザン・くいる
懶	U+61F6	19	ラン・ライ・おこたる・ものうい・なまける
懷	U+61F7	19	カイ・エ・なつかしい
懺	U+61FA	20	サン・ザン・セン・くいる
懼	U+61FC	21	ク・グ・おそれる
懽	U+61FD	20	カン・よろこぶ
懾	U+61FE	21	ショウ・おそれる
懿	U+61FF	22	イ・よい・ああ・うるわしい
戀	U+6200	23	レン・こう
戈	U+6208	4	カ・ほこ・ほこづくり・かのほこ
戉	U+6209	5	エツ・ガチ・オチ・ゲツ・まさかり
戌	U+620C	6	ジュツ・シュツ・シュチ・いぬ
戍	U+620D	6	ジュ・シュ・まもり・まもる
戔	U+6214	8	サン・ザン・セン・シン・ヘン・ゼン
戛	U+621B	11	カツ・ケチ・ほこ
戝	U+621D	11	ザイ・サイ・たから・わずか
戞	U+621E	12	カツ・ほこ
戡	U+6221	13	カン・チン・コン・かつ
截	U+622A	14	セツ・ゼチ・きる・たつ
戮	U+622E	15	リク・リョウ・ロク・ル・リュウ・ころす
戰	U+6230	16	セン・たたかう
戲	U+6232	17	ギ・キ・イ・コ・ク・サ・ゲ・たわむれる
戳	U+6233	18	タク
扁	U+6241	9	ヘン・ヒン・ベン・ホン・ハン
扈	U+6248	11	コ・ゴ・したがう
扎	U+624E	4	アツ・サツ・エチ
扛	U+625B	6	コウ・あげる
扞	U+625E	6	カン・ガン・ふせぐ
扠	U+6260	6	サ・タイ・サイ・シャ・テ・セ・さす・さて・やす
扣	U+6263	6	コウ・ク・たたく・ひかえる・うつ
扨	U+6268	6	さて
扼	U+627C	7	ヤク・アク・おさえる
找	U+627E	7	カ・ゲ・ソウ
抂	U+6282	7	キョウ・ゴウ
抃	U+6283	7	ベン・ヘン・ホン・ハン・うつ
抉	U+6289	7	ケツ・エツ・エチ・ケチ・えぐる
抒	U+6292	7	ジョ・チョ・ショ・くむ・のべる
抓	U+6293	7	ソウ・ショウ・つねる・つまむ
抔	U+6294	7	ホウ・ブ・ハイ・ヘ・すくう・など・なんど
抖	U+6296	7	ト・トウ・ツ
抛	U+629B	7	ホウ・なげうつ
抬	U+62AC	8	チ・タイ・もたげる
抻	U+62BB	8	シン・チン
拂	U+62C2	8	フチ・ビチ・ヒ・フツ・ヒツ・はらう
拆	U+62C6	8	タク・チヤク・セキ・シャク・さく・ひらく
拇	U+62C7	8	ボ・ボウ・モ・おやゆび
拈	U+62C8	8	ネン・デン・セン・ひねる
拉	U+62C9	8	ラ・ロウ・ラツ・くだく・ひしぐ
拊	U+62CA	8	フ・ホウ・うつ・なでる
拌	U+62CC	8	ハン・バン
拏	U+62CF	9	ダ・ナ・ひく・つかむ
拑	U+62D1	8	カン・ケン・ゲン・ゴン
拔	U+62D4	8	ハツ・ハイ・バイ・ボチ・ヘチ・ヘツ・バツ・バチ・ぬく
拗	U+62D7	8	オウ・ヨウ・ユ・イク・ユウ・すねる・ねじける
拜	U+62DC	9	ヘ・ハイ・おがむ
拮	U+62EE	9	キツ・ケチ・キチ・ケツ・カツ
拯	U+62EF	9	ジョウ・ショウ・すくう
拱	U+62F1	9	キョウ・ク・キク・ゴク・こまぬく
拵	U+62F5	9	ソン・ゾン・こしらえる
拿	U+62FF	10	ナ・ダ・つかむ
挂	U+6302	9	カイ・ケ・ケイ・カ・かける
挈	U+6308	10	ケツ・ケイ・カツ・ケチ・セイ・ひっさげる・たずさえる
挌	U+630C	9	カク・キャク・ラク・うつ
挧	U+6327	9	
挾	U+633E	10	キョウ・ギョウ・ソウ・コウ・はさむ
捍	U+634D	10	カン・ガン・ゲン・ふせぐ
捏	U+634F	10	デツ・ネツ・ネチ・こねる・つくねる
捐	U+6350	10	エン・ケン・すてる
捩	U+6369	10	レイ・ライ・レツ・レチ・ねじ・ねじる・もじる
捫	U+636B	11	モン・ボン・なでる
捶	U+6376	11	スイ・タ・むちうつ
掀	U+6380	11	キン・ケン・コン・キツ・ゴン・コチ
掉	U+6389	11	チョウ・トウ・ドウ・ダク・ニョウ・ニョク・ナク・ふるう・ふる
掎	U+638E	11	キ・カ・イ・ひく
掏	U+638F	11	トウ・ドウ・えらぶ・する
掖	U+6396	11	エキ・ヤク・たすける・わき・わきばさむ
掟	U+639F	11	ジョウ・トウ・チョウ・テイ・おきて
掣	U+63A3	12	セイ・セツ・セチ・ひく
掫	U+63AB	11	シュウ・ソウ・シュ・うつ
掵	U+63B5	11	はば
掾	U+63BE	12	エン・テン・デン・じょう・よる
揀	U+63C0	12	カン・ケン・レン・えらぶ
揄	U+63C4	12	ユ・ユウ・トウ・ツ・チュウ・チュ・ヨウ・ズ・ひく
揆	U+63C6	12	キ・ギ・はかりごと・はかる
揉	U+63C9	12	ジュウ・ニュ・ジョウ・ニョウ・もむ
插	U+63D2	12	ソウ・ショウ・さす
揣	U+63E3	12	シ・スイ・タ・セン・ダン・タン・はかる
揩	U+63E9	12	カイ・カツ・ケチ・ぬぐう
揶	U+63F6	12	ヤ・ヨ・からかう
搆	U+6406	13	コウ・ク・かまえる
搏	U+640F	13	ハク・フ・ホ・ブ・うつ・とる
搓	U+6413	13	サ・サイ・よる
搖	U+6416	13	ヨウ・ゆれる
搗	U+6417	13	トウ・つく・かつ
搜	U+641C	12	ソウ・ショウ・ス・オウ・オ・シュ・さがす
搦	U+6426	13	ジャク・ダク・ニャク・ジョク・ニキ・ニョク・からめる・からむ
搨	U+6428	13	トウ・する
搴	U+6434	14	ケン・セン・とる・ぬく・かかげる
搶	U+6436	13	ソウ・ショウ・つく
摎	U+644E	14	キュウ・コウ・ク・リュウ・ル・リョウ・キョウ・ドウ
摧	U+6467	14	サ・サイ・ビ・スイ・セ・くだく・くじく
摯	U+646F	15	シ・チ・シツ・シチ・いたる・つかむ・にえ
摶	U+6476	14	タン・ダン・セン・テン・デン・まるい・まるめる
撈	U+6488	15	ロウ・リョウ
撓	U+6493	15	ドウ・トウ・ニョウ・コウ・ジョウ・キョウ・たわめる・みだす・みだれる・たわむ
撕	U+6495	15	セイ・サイ・シ
撥	U+64A5	15	ハツ・バチ・バツ・ハチ・ボチ・おさめる・はねる・かかげる・ばち
撩	U+64A9	15	リョウ・ロウ
撻	U+64BB	16	タツ・タチ・むちうつ
撼	U+64BC	16	カン・ゴン・うごかす・うごく
擂	U+64C2	16	ライ・レ・する
擅	U+64C5	16	セン・ゼン・ほしいまま
擇	U+64C7	16	タク・ジャク・エキ・ヤク・えらぶ
擒	U+64D2	15	キン・ゴン・とらえる・とりこ
擔	U+64D4	16	タン・トン・セン・ゼン・エン・かつぐ・になう
擘	U+64D8	17	ハク・ヘキ・ビャク・ヒャク・さく・つんざく
據	U+64DA	16	キョ・コ・ゴ・ケキ・キャク・よる
擠	U+64E0	17	セイ・サイ・おす
擡	U+64E1	17	タイ・ダイ・もたげる
擣	U+64E3	17	トウ・チュウ・ジュ・つく・うつ
擧	U+64E7	17	キョ・コ・ヨ・あげる
擯	U+64EF	17	ヒン・しりぞける
擱	U+64F1	17	カク・おく
擲	U+64F2	18	テキ・ジャク・なげうつ・なぐる
擴	U+64F4	18	カク・コウ・オウ・ひろげる
擶	U+64F6	18	セン
擺	U+64FA	18	ハイ・ベ・ひらく
擽	U+64FD	18	レキ・リャク・ラク・ヤク・くすぐる・こそぐる
攀	U+6500	19	ハン・よじる
攅	U+6505	18	サン・あつまる
攘	U+6518	20	ジョウ・ニョウ・ドウ・ショウ・ぬすむ・はらう
攜	U+651C	21	ケイ・ゲ・たずさえる
攝	U+651D	21	セツ・ショウ・ジョウ・ニョウ・キョウ・ソウ・とる・かねる・かわる・おさめる
攣	U+6523	23	レン・ひく
攤	U+6524	22	タン・ダン・ナン・ダ・ナ・ひらく・ひろげる
攪	U+652A	23	カク・コウ・キョウ・ギョウ・みだす
攫	U+652B	23	カク・ケキ・キャク・ワク・キョク・コク・つかむ・さらう
攬	U+652C	24	ラン・とる
攴	U+6534	4	ボク・ホク・ハク・ぼくづくり・ぼくにょう・とまた・うつ
攵	U+6535	4	ボク
收	U+6536	6	シュウ・おさめる
攷	U+6537	6	コウ・かんがえる
攸	U+6538	7	ユウ・ユ・シュウ・ところ
效	U+6548	10	コウ・ギョウ・きく
敍	U+654D	11	ジョ・ショ・のべる
敕	U+6555	11	チョク・チキ・みことのり
敖	U+6556	11	ゴウ・あそぶ・おごる
敘	U+6558	11	ジョ・のべる
敝	U+655D	12	ヘイ・ヒ・ビ・ベイ・ベチ・ヘツ・やぶれる・やぶる
敞	U+655E	12	ショウ・チョウ・ジョウ・トウ・ヘイ・たかい・ほがらか
敲	U+6572	14	コウ・キョウ・たたく
數	U+6578	15	シュ・サク・ス・ソク・ショ・ショク・ソ・シュク・かぞえる
斂	U+6582	17	レン・おさめる
斃	U+6583	18	ヘイ・ベ・たおれる・たおす
斈	U+6588	7	ガク・まなぶ
斛	U+659B	11	コク・ゴク
斟	U+659F	13	シン・くむ
斫	U+65AB	9	シャク・きる
斷	U+65B7	18	ダン・タン・たつ
旁	U+65C1	10	ホウ・ボウ・ヒョウ・かたがた・かたわら・つくり・あまねく
旃	U+65C3	10	セン・はた
旄	U+65C4	10	ボウ・ブ・ム・モウ
旆	U+65C6	10	ハイ・バイ・バチ・ハツ・はた
旌	U+65CC	11	セイ・ショウ・あらわす・はた
旒	U+65D2	13	リュウ・ル・はたあし
旙	U+65D9	16	ハン・はた
旛	U+65DB	18	ハン・ホン・ボン・バン・はた
无	U+65E0	4	ム・ブ・ボ・モ・ない
旡	U+65E1	4	キ・ケ・すでのつくり
旱	U+65F1	7	カン・ひでり
旻	U+65FB	8	ビン・ミン・あきぞら・そら
昃	U+6603	8	ショク・シキ・ソク・かたむく
昊	U+660A	8	コウ・ゴウ
昜	U+661C	9	ヨウ・エキ・イ・やさしい
昴	U+6634	9	ボウ・ミョウ・ル・リュウ・すばる
昵	U+6635	9	ジツ・ニチ・ナイ・シキ・デイ・ショク・ちかづく
昶	U+6636	9	チョウ
昿	U+663F	9	コウ・あきらか・むなしい
晁	U+6641	10	チョウ・ジョウ・あさ
晄	U+6644	10	コウ・あきらか
晉	U+6649	10	セン・シン・すすむ
晏	U+664F	10	アン・エン・おそい・やすらか
晝	U+665D	11	チュウ・ひる
晞	U+665E	11	キ・ケ・かわく
晟	U+665F	10	セイ・ジョウ
晢	U+6662	11	セイ・セチ・セキ・テチ・シャク・セツ・テツ・あきらか
晤	U+6664	11	ゴ・あきらか
晧	U+6667	11	コウ・ゴウ
晨	U+6668	11	シン・ジン・あした・とき
晰	U+6670	12	セキ・あきらか
暃	U+6683	12	
暄	U+6684	13	ケン・カン・あたたかい
暈	U+6688	13	ウン・かさ・ぼかし・ぼかす・めまい・くま
暉	U+6689	13	キ・かがやく・ひかり
暎	U+668E	12	エイ・うつる
暘	U+6698	13	ヨウ
暝	U+669D	14	メイ・ミョウ・ベイ・くらい
暸	U+66B8	16	リョウ
暹	U+66B9	16	セン
暼	U+66BC	16	ヘツ・ヘチ
暾	U+66BE	16	トン・あさひ
曁	U+66C1	16	キ・ケ・キツ・コチ・カイ・およぶ・と・ともに
曄	U+66C4	14	ヨウ・ユウ・オウ・かがやく
曉	U+66C9	16	ギョウ・あかつき
曖	U+66D6	17	アイ・くらい
曚	U+66DA	17	モウ・ボウ・モ・くらい
曠	U+66E0	19	コウ・あきらか・むなしい・むなし
曦	U+66E6	20	ギ・キ
曩	U+66E9	21	ドウ・ノウ・さき・さきに
曰	U+66F0	4	エツ・オチ・いわく・ここに・のたまわく・ひらび・いう・いはく・のたまう
曵	U+66F5	7	エイ・ひく
曷	U+66F7	9	カツ・アツ・アチ・なに・いずくんぞ・なんぞ
曼	U+66FC	11	マン・バン・ながい
會	U+6703	13	カイ・カツ・エ・カチ・あう
朏	U+670F	9	ヒ・ハイ・ヘ・ホツ・ホチ・キツ・コチ・みかづき
朖	U+6716	11	ロウ・ほがらか
朞	U+671E	12	キ
朦	U+6726	17	モウ・ボウ・モ・おぼろ
朧	U+6727	20	ロウ・ル・おぼろ
朮	U+672E	5	ジュツ・ジュチ・シュツ・チュツ・もちあわ・おけら
朶	U+6736	6	ダ・タ・えだ
朷	U+6737	6	トウ・チョウ・ジョウ・ボク・モク
朸	U+6738	6	リョク・リキ・ロク・キョク・キン・ゴン・おうご
朿	U+673F	6	シ・キョク・コキ・とげ
杁	U+6741	6	いり
杆	U+6746	7	カン
杙	U+6759	7	ヨク・ヨキ・くい
杞	U+675E	7	キ・コ・シ・ジ・カイ・ガイ
杠	U+6760	7	コウ・ク・ちぎ
杣	U+6763	7	そま
杤	U+6764	7	とち
杪	U+676A	8	ビョウ・ソウ・ショウ・ミョウ・こずえ
杰	U+6770	8	ケツ・ゲチ
杲	U+6772	8	コウ・ゴウ・あきらか・たかい
杳	U+6773	8	ヨウ・くらい・はるか
杼	U+677C	8	ジョ・ショ・チョ・ひ
枅	U+6785	8	ケイ
枉	U+6789	8	オウ・ゴウ・キョウ・まがる・まげて・まげる
枋	U+678B	8	ホウ・ヘイ・ボウ・ヒョウ
枌	U+678C	8	フン・ブン・そぎ
枡	U+67A1	8	ます
枦	U+67A6	8	ヘ・ロ・はじ・うつぎ・はぜ
枩	U+67A9	8	ショウ・まつ
枳	U+67B3	9	キ・シ・ギ・からたち
枴	U+67B4	9	カイ・カ
枷	U+67B7	9	カ・ケ・ガ・キャ・かせ・からざお・くびかせ
枸	U+67B8	9	ク・コウ・くこ
枹	U+67B9	9	フ・ブ・ヒョウ・フウ・ホウ・ばち
柆	U+67C6	9	ロウ
柎	U+67CE	9	フ・ブ・うてな
柝	U+67DD	9	タク・き
柞	U+67DE	9	サク・シャク・サ・ジャ・ザク・ははそ
柢	U+67E2	9	テイ・タイ・シ・ジ・ね
柤	U+67E4	9	ソ・サ・シャ・ショ
柧	U+67E7	10	コ・ク・カ・ケ
柩	U+67E9	9	キュウ・グ・ひつぎ
柬	U+67EC	9	カン・ケン・えらぶ
柮	U+67EE	9	トツ・トチ・ジュツ・ニュチ・ダツ・ネチ・サツ・ゴツ・ゴチ
柯	U+67EF	9	カ・え
栞	U+681E	10	カン・ケン・しおり
栩	U+6829	10	ク・チョ・ウ・くぬぎ
栫	U+682B	10	セン・ソン
栲	U+6832	10	コウ・たえ
桀	U+6840	11	ケツ・ケチ・ゲチ
框	U+6846	10	コウ・キョウ・かまち
桍	U+684D	10	コ・ク
桎	U+684E	10	シツ・シチ・チ・あしかせ
桙	U+6859	10	ム・ウ
档	U+6863	10	トウ
桴	U+6874	11	フ・ブ・フウ・いかだ・ばち
桷	U+6877	11	カク・たるき・ずみ
桾	U+687E	11	クン
桿	U+687F	11	カン・ガン
梃	U+6883	11	チョウ・テイ・ジョウ・つえ・てこ
梍	U+688D	11	オウ・ソウ・ゾウ
梏	U+688F	11	コク・キョク・カク・てかせ
梔	U+6894	11	シ・くちなし
梛	U+689B	11	ダ・ナ・なぎ
條	U+689D	11	ジョウ・チョウ・テキ・ジャク・すじ
梟	U+689F	11	キョウ・ふくろう
梠	U+68A0	11	リョ・ロ
梦	U+68A6	11	ム・ボウ・ゆめ
梭	U+68AD	11	サ・シュン・セン・ジュン・ひ
梳	U+68B3	11	ソ・ショ・シュク・くしけずる・すく・とく・くし
梵	U+68B5	11	ボン・フウ・ブ・ハン
梹	U+68B9	11	ビン・ヒン
梺	U+68BA	11	ふもと
棆	U+68C6	12	リン・チュン
棊	U+68CA	12	キ・ギ
棍	U+68CD	12	コン・ゴン
棔	U+68D4	12	コン
棕	U+68D5	12	シュ・ソウ
棗	U+68D7	12	ソウ・なつめ
棘	U+68D8	12	キョク・コキ・キ・いばら・とげ
棠	U+68E0	12	トウ・ドウ・やまなし
棡	U+68E1	12	コウ
棣	U+68E3	12	テイ・ジ・ダイ・チ・タイ・デ
棧	U+68E7	12	サン・ゼン・シン・ジン・かけはし
棯	U+68EF	12	ジン・ニン・デン・ネン・シン
棹	U+68F9	12	トウ・タク・ジョウ・ジョク・さお・こぐ
椁	U+6901	12	カク
椄	U+6904	12	セツ・ショウ・ジョウ
椈	U+6908	12	キク・コク
椌	U+690C	12	コウ・キョウ・ク
椏	U+690F	12	ア・また
椒	U+6912	12	ショウ・はじかみ
椚	U+691A	12	くぬぎ・くのぎ
椡	U+6921	12	くぬぎ
椢	U+6922	12	くにぎ・くぬぎ
椣	U+6923	12	しで
椥	U+6925	12	なぎ
椦	U+6926	12	
椨	U+6928	12	たぶ
椪	U+692A	12	はえ・ぽん
椰	U+6930	13	ヤ・やし
椶	U+6936	13	ソウ・ス・シュ
椹	U+6939	13	チン・シン・ジン・あてぎ・くわのみ・さわら
椽	U+693D	13	テン・デン・たるき
楔	U+6954	13	セツ・セチ・ケツ・ケチ・カツ・カチ・くさび
楙	U+6959	13	ボウ・ム・しげる
楜	U+695C	13	コ・ゴ
楝	U+695D	13	レン・おうち
楞	U+695E	13	リョウ・ロウ
楡	U+6961	13	ユ・にれ
楪	U+696A	13	ヨウ・チャ・チョウ・ジョウ・ショウ
楫	U+696B	13	シュウ・ショウ・かじ
楮	U+696E	13	チョ・ト・ショ・こうぞ
楴	U+6974	13	テイ・ダイ・チ・ヂ・シ
楷	U+6977	13	カイ
楸	U+6978	13	シュウ・シュ・ひさぎ・きささげ
楹	U+6979	13	エイ・ヨウ・はしら
楾	U+697E	13	はんぞう
榁	U+6981	13	むろ
榑	U+6991	14	フ・ブ・ハク・くれ
榕	U+6995	14	ヨウ・ユ
榜	U+699C	14	ボウ・ホウ・ヒョウ・ビョウ・たてふだ・かじ・ふだ・むち
榠	U+69A0	14	メイ・ベイ・ミョウ
榧	U+69A7	14	ヒ・かや
榮	U+69AE	14	エイ・ヨウ・さかえる
榱	U+69B1	14	スイ・たるき
榲	U+69B2	14	オツ・オチ・ウン・オン・イン・すぎ
榴	U+69B4	14	リュウ・ル
榻	U+69BB	14	トウ・こしかけ・しじ
榾	U+69BE	14	コツ・クチ・ほた
榿	U+69BF	14	キ・カイ・ガイ
槁	U+69C1	14	コウ・かれる・ねぎらう
槃	U+69C3	14	ハン・バン・たらい
槇	U+69C7	14	テン・シン・デン・まき
槊	U+69CA	14	サク・ほこ
槎	U+69CE	14	サ・サイ・シャ・ジャ・ゼ・いかだ
槐	U+69D0	14	カイ・エ・えんじゅ
槓	U+69D3	14	コウ
槝	U+69DD	14	かし
槞	U+69DE	14	
槧	U+69E7	15	ザン・セン・ゼン・サン・ふだ
槨	U+69E8	15	カク
槫	U+69EB	15	タン・ダン・セン・ゼン
槭	U+69ED	15	サク・シュク・セキ・シュウ・シュ・シャク・かえで
槲	U+69F2	15	コク・ゴク・かしわ
槹	U+69F9	15	コウ
槿	U+69FF	15	キン・コン・ゴン・むくげ
樂	U+6A02	15	ガク・ラク・リョウ・ゴウ・ギョウ・たのしむ
樅	U+6A05	15	ショウ・シュ・もみ
樊	U+6A0A	15	ハン・ボン・ベン・まがき
樌	U+6A0C	15	カン
樒	U+6A12	15	ミツ・ミチ・ビツ・しきみ・じんこう
樓	U+6A13	15	ロウ・ル・たかどの
樔	U+6A14	15	ソウ・ショウ・ジョウ
樛	U+6A1B	15	キュウ・ク・ビュウ・リョウ・ミュ・つが
樞	U+6A1E	15	シュ・チョ・オウ・オ・スウ
樢	U+6A22	15	チョウ・ボク・モク・つた
樣	U+6A23	15	ショウ・ゾウ・ヨウ・さま
樮	U+6A2E	14	ほくそ
樶	U+6A36	16	サイ
樸	U+6A38	16	ボク・ハク・ホク・ホ・ブ・あらき・きじ
橄	U+6A44	16	カン
橇	U+6A47	16	キョウ・セイ・セ・ゼイ・セツ・セチ・そり・かんじき
橈	U+6A48	16	ドウ・ニョウ・ジョウ・かじ・たわむ・たわめる
橙	U+6A59	16	トウ・だいだい
橢	U+6A62	16	タ・ダ
橦	U+6A66	16	トウ・ズ・ショウ・シュ・ソウ・ジョウ
橲	U+6A72	16	キ・ずさ
橸	U+6A78	16	ショウ・まさ・たる
檄	U+6A84	17	ゲキ・ケキ・ギャク・コウ・ギョウ・ふれぶみ
檍	U+6A8D	17	ヨク・オク・イ・ヨキ
檐	U+6A90	17	エン・タン・ひさし・のき
檗	U+6A97	17	ハク・バク・ヘキ・ヒャク・ビャク・きわだ・きはだ
檜	U+6A9C	17	カイ・カツ・ケ・カチ・いぶき・ひ・ひのき
檠	U+6AA0	16	ケイ・ギョウ・キョウ・ゆだめ
檢	U+6AA2	17	ケン・しらべる
檣	U+6AA3	17	ショウ・ゾウ・ほばしら
檪	U+6AAA	17	レキ・ヤク・ロウ・くぬぎ
檬	U+6AAC	17	ボウ・モウ・モ
檮	U+6AAE	18	トウ・チュウ・ジュ・ドウ
檳	U+6AB3	18	ビン・ヒン
檸	U+6AB8	18	ドウ・ネイ・ニョウ
檻	U+6ABB	18	カン・ガン・おばしま・おり・てすり
櫁	U+6AC1	18	ミツ・ビツ・じんこう
櫂	U+6AC2	18	トウ・タク・テキ・ジョウ・ジョク・ジャク・チャク・かじ・かい
櫃	U+6AC3	18	キ・ひつ
櫑	U+6AD1	19	ライ・レ・さかだる
櫚	U+6ADA	19	ロ・リョ
櫞	U+6ADE	19	エン
櫟	U+6ADF	19	レキ・ロウ・ヤク・リャク・ラク・シャク・くぬぎ
櫪	U+6AEA	20	レキ・リャク・かいばおけ・くぬぎ・かいおけ
櫺	U+6AFA	21	レイ・リョウ・れんじ
櫻	U+6AFB	21	オウ・ヨウ・さくら
欅	U+6B05	21	キョ・コ・けやき
權	U+6B0A	21	ケン・ゲン・カン・おもり
欒	U+6B12	23	ラン・ひじき
欖	U+6B16	25	ラン・かんらん
欟	U+6B1F	28	つき
欷	U+6B37	11	キ・ケ・すすりなく・なげく
欸	U+6B38	11	アイ・イ・カイ・ケ・ああ
欹	U+6B39	12	イ・キ・そばだつ・かたむく
歃	U+6B43	13	ソウ・ショウ・すする
歇	U+6B47	13	ケツ・カイ・カツ・コチ・ケ・カチ・アツ・エチ・やめる・いこう・つきる・やむ
歉	U+6B49	14	ケン・カン・あきたりない
歐	U+6B50	15	オウ・オ・はく
歔	U+6B54	16	キョ・コ・すすりなく
歙	U+6B59	16	キュウ・キョウ・コウ・ショウ・すう
歛	U+6B5B	17	カン・ケン・コン
歟	U+6B5F	18	ヨ・か・や
歡	U+6B61	21	カン・よろこぶ
歸	U+6B78	18	キ・ギ・かえる
歹	U+6B79	4	ガツ・ガチ・サツ・キョウ・タイ・がつへん・いちた
歿	U+6B7F	8	ボツ・モチ・しぬ
殀	U+6B80	8	ヨウ・わかじに
殃	U+6B83	9	オウ・ヨウ・わざわい
殄	U+6B84	9	テン・デン・たつ・つきる・つくす・たえる
殍	U+6B8D	11	ヒョウ・フ・ヒ・ビョウ・ビ・うえじに
殕	U+6B95	12	ホク・フウ・フ・ホ・ボク・オク
殘	U+6B98	12	サン・ザン・のこる
殞	U+6B9E	14	イン・ウン・おちる・しぬ
殤	U+6BA4	15	ショウ
殪	U+6BAA	16	エイ・たおす・たおれる
殫	U+6BAB	16	タン・つきる・つくす
殯	U+6BAF	18	ヒン・かりもがり
殱	U+6BB1	19	セン・つきる・つくす・ほろぼす
殲	U+6BB2	21	セン・つくす・ほろぼす・つきる
殳	U+6BB3	4	シュ・ジュ・ほこ・ほこつくり・るまた
殷	U+6BB7	10	アン・イン・オン・エン・さかん
殼	U+6BBC	12	カク・コク・キャク・から
毀	U+6BC0	13	キ・こぼつ・そしる・やぶる
毆	U+6BC6	15	オウ・オ・コウ・ク・うつ
毋	U+6BCB	4	ブ・ム・ボウ・ない・なかれ
毓	U+6BD3	14	イク・そだてる
毟	U+6BDF	8	むしる
毫	U+6BEB	11	ゴウ・コウ・すこし
毬	U+6BEC	11	キュウ・グ・いが・まり
毯	U+6BEF	12	タン・ダン
毳	U+6BF3	12	ゼイ・セイ・カツ・ケチ・セツ・セチ・セ・むくげ・けば
氈	U+6C08	17	セン
氓	U+6C13	8	ボウ・ミョウ・たみ
气	U+6C14	4	キ・ケ・キツ・コチ・きがまえ
氛	U+6C1B	8	フン・ブン
氣	U+6C23	10	キ・ケ
氤	U+6C24	10	イン
汕	U+6C55	6	サン・セン
汞	U+6C5E	7	コウ・グ・ク・みずがね
汢	U+6C62	6	ぬた
汨	U+6C68	7	ベキ・ミャク・コツ・コチ・イツ・イチ・しずむ
汪	U+6C6A	7	オウ
汳	U+6C73	7	ベン・ヘン
汾	U+6C7E	7	フン・ブン・ホン・ボン
沁	U+6C81	7	シン・しみる
沂	U+6C82	7	キ・ギン・ゴン・ギ・ゲ
沍	U+6C8D	7	コ・ゴ・カク・ガク・ギャク
沐	U+6C90	7	ボク・モク・あらう
沒	U+6C92	7	ボツ・モチ・バイ・メ・バ・マ・モツ・しずむ
沚	U+6C9A	7	シ・なぎさ
沛	U+6C9B	7	ハイ
沮	U+6CAE	8	ソ・ショ・セン・ゾ・はばむ
沱	U+6CB1	8	ダ・タ・チ・ジ
沺	U+6CBA	8	テン・デン
沽	U+6CBD	8	コ・ク・あらい・うる・かう
沾	U+6CBE	8	テン・トン・セン・ソン・チョウ・うるおう・うるおす
泄	U+6CC4	8	エイ・セツ・セチ・もれる
泅	U+6CC5	8	シュウ・ユウ・ジュ・およぐ
泓	U+6CD3	8	オウ・コウ・キョウ・ふかい
泗	U+6CD7	8	シ・なみだ
泙	U+6CD9	8	ホウ・ヘイ・ビョウ・ヒョウ
泛	U+6CDB	8	ハン・ホウ・ホン・フ・ボウ・うかぶ
泝	U+6CDD	8	ソ・さかのぼる
泪	U+6CEA	8	ルイ・なみだ
泯	U+6CEF	8	ビン・ミン・ベン・メン・ほろびる
泱	U+6CF1	8	オウ・ヨウ・エイ
洌	U+6D0C	9	レツ・レチ・レイ・きよい
洒	U+6D12	9	サイ・シャ・セイ・シ・セン・ソン・セ・サ・あらう
洙	U+6D19	9	シュ・ジュ
洟	U+6D1F	9	イ・テイ・ダイ・はなじる・はな
洫	U+6D2B	9	キョク・ケキ・イツ・イチ・みぞ
洳	U+6D33	9	ジョ・ニョ
洵	U+6D35	9	ジュン・シュン・ケン・まことに・まこと
洶	U+6D36	9	キョウ・ク・シュ・ショウ・わく
洸	U+6D38	9	コウ・オウ
洽	U+6D3D	9	コウ・ギョウ・あまねし・うるおす
浙	U+6D59	10	セツ・セチ・セイ
浚	U+6D5A	10	シュン・さらう
浣	U+6D63	10	カン・ガン・ゲン・あらう
浤	U+6D64	10	コウ・ギョウ
浹	U+6D79	10	ショウ・ソウ・コウ・ギョウ・あまねし
涅	U+6D85	10	ネツ・ネ・デツ・ネチ・ケン・ゲン・そめる
涎	U+6D8E	10	エン・セン・ゼン・よだれ
涓	U+6D93	10	ケン・エン・ゲン
涕	U+6D95	10	テイ・タイ・エキ・ヤク・なく・なみだ
涵	U+6DB5	11	カン・ゲン・ゴン・ひたす・うるおす
涸	U+6DB8	11	コ・カク・ガク・ゴ・かれる・からす
淅	U+6DC5	11	セキ・シャク・とぐ
淆	U+6DC6	11	コウ・ギョウ・まじる
淇	U+6DC7	11	キ・ギ
淌	U+6DCC	11	ショウ・トウ
淒	U+6DD2	11	シ・セイ・サイ・セン・つめたい
淕	U+6DD5	11	リク・ロク
淙	U+6DD9	11	ソウ・ス・ゾウ
淞	U+6DDE	11	ショウ・シュ
淤	U+6DE4	11	オ・ヨ・どろ
淦	U+6DE6	11	カン・コン・ゴン
淨	U+6DE8	11	セイ・ソウ・シン・ジョウ・きよい
淪	U+6DEA	11	リン・ロン・カン・しずむ
淬	U+6DEC	11	サイ・シュチ・セ・シュツ・にらぐ
淮	U+6DEE	11	ワイ・カイ・エ
淹	U+6DF9	11	エン・ヨウ・オウ・いれる
淺	U+6DFA	11	セン・サン・ザン・あさい
渊	U+6E0A	11	エン・ふち
渕	U+6E15	11	エン・ふち
渙	U+6E19	12	カン・ケ・カイ・あきらか・とける
渝	U+6E1D	12	ユ・ズ・トウ・かわる・かえる
渟	U+6E1F	12	テイ・チョウ・とどまる・とどめる
渣	U+6E23	12	サ・シャ・ジャ
渤	U+6E24	12	ボツ・ボチ・ホツ
渫	U+6E2B	12	セツ・セチ・ジョウ・エイ・チョウ・トウ・ショウ・ソウ・さらう
渭	U+6E2D	12	イ
渮	U+6E2E	11	カ
游	U+6E38	12	ユウ・ユ・ル・シュウ・ジュ・リュウ・あそび・あそぶ・およぐ
渺	U+6E3A	12	ビョウ・ミョウ
渾	U+6E3E	12	コン・ゴン・すべて・にごる
湃	U+6E43	12	ハイ・ヘ
湍	U+6E4D	12	タン・セン・はやい・はやせ
湎	U+6E4E	12	メン・ベン・おぼれる・しずむ
湟	U+6E5F	12	コウ・オウ・キョウ
湫	U+6E6B	12	シュウ・シュ・ジュ・ショウ・ソ・くて
湮	U+6E6E	12	イン・しずむ・ふさぐ
湲	U+6E72	12	カン・エン・ゲン・オン
湶	U+6E76	12	セン・いずみ・ぜに
溂	U+6E82	12	ラツ・らつ
溏	U+6E8F	13	トウ・ドウ
溘	U+6E98	13	コウ・カイ・たちまち
溟	U+6E9F	13	メイ・ベイ・ミョウ・ベキ・ミャク・うみ・くらい
溥	U+6EA5	13	フ・ホ・ブ・ハク・あまねし
溪	U+6EAA	13	ケイ・たに
溯	U+6EAF	13	ソ・サク・さかのぼる
溲	U+6EB2	13	ソウ・シュウ・シュ・ひたす・ゆばり
溷	U+6EB7	13	コン・カン・ゲン・ゴン・かわや・けがれる・にごる・みだれる・けがす・にごす
溽	U+6EBD	13	ジョク・ニク・ジョ・ニョ・むしあつい
滂	U+6EC2	13	ホウ・ボウ・ヒョウ
滄	U+6EC4	13	ソウ・ショウ
滉	U+6EC9	13	コウ・オウ・ひろい
滌	U+6ECC	14	テキ・ジョウ・デキ・ジャク・チョウ・あらう
滓	U+6ED3	13	サイ・シ・おり・かす
滔	U+6ED4	13	トウ・はびこる・うごかす・うごく
滕	U+6ED5	15	トウ・ドウ・わく・あがる・あげる
滬	U+6EEC	14	コ・ゴ
滯	U+6EEF	14	タイ・ダイ・チ・ジ・テイ・セイ・とどこおる
滲	U+6EF2	14	シン・リン・しみる・にじむ
滷	U+6EF7	14	ロ・ジャク・セキ・シャク・テキ
滸	U+6EF8	14	コ・ク・キョ・ほとり
滾	U+6EFE	14	コン・たぎる
滿	U+6EFF	14	バン・マン・ボン・モン・みちる
漑	U+6F11	15	ガイ・カイ・キ・ケ・そそぐ
漓	U+6F13	14	リ・うすい
漱	U+6F31	14	シュウ・シュ・ソウ・うがい・すすぐ
漲	U+6F32	14	チョウ・みなぎる
漾	U+6F3E	14	ヨウ・ただよう
漿	U+6F3F	15	ショウ・ソウ・こんず
潁	U+6F41	15	エイ・ヨウ
潘	U+6F58	15	ハン・ハ・ホン
潛	U+6F5B	15	ゼン・セン・ひそむ
潦	U+6F66	15	ロウ・リョウ・にわたずみ
潭	U+6F6D	15	タン・シン・イン・ジン・ふかい・ふち
潯	U+6F6F	15	ジン・ドン・シン・タン・イン・ふち
潴	U+6F74	15	チョ
潸	U+6F78	15	サン・セン
潺	U+6F7A	15	セン・ゼン・サン
潼	U+6F7C	15	ドウ・ズ・シュ・トウ・ショウ
澀	U+6F80	17	シュウ・ジュウ
澁	U+6F81	15	シュウ・ジュウ・しぶい
澂	U+6F82	15	チョウ・ジョウ・すます・すみ・すむ
澆	U+6F86	15	ギョウ・リョウ・ニョウ・ゴウ・キョウ・ロウ・ドウ・そそぐ・うすい
澎	U+6F8E	15	ホウ・ヒョウ
澑	U+6F91	15	リュウ・したたる
澡	U+6FA1	16	ソウ・あらう
澣	U+6FA3	16	ガン・カン・あらう
澤	U+6FA4	16	ジャク・セキ・シャク・ダク・エキ・ヤク・タク・さわ
澪	U+6FAA	16	レイ・リョウ・みお
澳	U+6FB3	16	オウ・イク・オク・おき・くま
澹	U+6FB9	16	タン・ダン・ゼン・セン・あわい
濂	U+6FC2	16	レン・セン
濆	U+6FC6	15	フン・わく
濔	U+6FD4	17	ビ・デイ・ナイ・ミ・ベイ・メイ
濕	U+6FD5	17	トウ・シュウ・ゴウ・ショウ・シツ・しめる
濘	U+6FD8	17	ネイ・ニョウ・ナイ・デイ・ぬかる
濛	U+6FDB	16	モウ・ボウ・モ・こさめ
濟	U+6FDF	17	セイ・ザイ・サイ・すむ
濤	U+6FE4	17	ドウ・チュウ・ジュ・トウ・シュウ・なみ
濬	U+6FEC	17	シュン・さらう
濮	U+6FEE	17	ボク・ホク
濱	U+6FF1	17	ヒン・はま
濳	U+6FF3	19	セン
濶	U+6FF6	17	カツ・ひろい
濺	U+6FFA	18	セン・サン・そそぐ
濾	U+6FFE	18	ロ・リョ・こす
瀁	U+7001	18	ヨウ・ただよう
瀉	U+7009	18	シャ・はく・そそぐ
瀋	U+700B	18	シン
瀏	U+700F	18	リュウ・ル・きよい
瀑	U+7011	18	バク・ボウ・ハク・ホウ・ホク・ボク・たき・にわかあめ
瀘	U+7018	19	ロ
瀚	U+701A	19	カン・ガン・ひろい
瀛	U+701B	19	エイ・ヨウ・うみ
瀝	U+701D	19	レキ・したたる・こす
瀟	U+701F	19	ショウ
瀰	U+7030	20	ビ・ミ・デイ・ナイ・ベイ・メイ
瀲	U+7032	20	レン
瀾	U+703E	20	ラン・なみ
灌	U+704C	20	カン
灑	U+7051	22	サ・シャ・サイ・セイ・セ・ザイ・セン・シ・そそぐ
灣	U+7063	25	ワン・いりえ
炒	U+7092	8	ソウ・ショウ・いためる・いる
炙	U+7099	8	シャ・セキ・シャク・ショ・あぶる
炬	U+70AC	9	キョ・コ・ゴ
炮	U+70AE	9	ホウ・ビョウ・ヒョウ・あぶる
炯	U+70AF	9	ケイ・キョウ・ギョウ・あきらか
炳	U+70B3	9	ヘイ・ホウ・ハウ・ヒョウ・あきらか
炸	U+70B8	9	サク・サ・ソウ・サツ
烋	U+70CB	10	コウ・キョウ・キュウ・ク
烙	U+70D9	10	ラク・やく
烝	U+70DD	10	ジョウ・ショウ・むす・もろもろ
烟	U+70DF	10	エン
烱	U+70F1	11	ケイ・キョウ・あきらか
烽	U+70FD	11	ホウ・フ・コウ・グ・のろし
焉	U+7109	11	エン・オン・イ・いずくんぞ・ここに・これ
焙	U+7119	12	ホウ・ベ・ハイ・ホイ・あぶる
焜	U+711C	12	コン・ゴン・かがやく
煌	U+714C	13	コウ・オウ・かがやく・きらめく
煕	U+7155	13	キ・イ・たのしむ・ひかる・ひろい・よろこぶ
煖	U+7156	13	ダン・カン・ナン・ケン・あたたか・あたためる
煢	U+7162	13	ケイ・ギョウ
煥	U+7165	13	カン・あきらか
煦	U+7166	13	ク・キョウ・キュウ・あたためる
煬	U+716C	13	ヨウ・ショウ・あぶる
熄	U+7184	14	ソク・ショク・ソキ・きえる・やむ
熈	U+7188	14	キ
熏	U+718F	14	クン・くすべる・ふすべる
熕	U+7195	14	コウ
熙	U+7199	14	キ・イ・ひかる・ひろい・よろこぶ
熨	U+71A8	15	ウツ・ウチ・イ・おさえる・のし・のす・ひのし
熬	U+71AC	15	ゴウ・いる
熹	U+71B9	16	キ・あぶる
熾	U+71BE	16	シ・さかん・おき
燉	U+71C9	16	トン・ドン
燎	U+71CE	16	リョウ・かがりび
燒	U+71D2	16	ショウ・やく
燔	U+71D4	16	ハン・ボン・フン・ブン・やく・あぶる
燗	U+71D7	16	ラン・かん
營	U+71DF	17	エイ・ヨウ・ギョウ・ケイ・いとなむ
燠	U+71E0	17	イク・ウ・オウ・ユウ・あたたかい・おき
燧	U+71E7	17	スイ・ズイ・のろし・ひうち
燬	U+71EC	17	キ・カ・やく
燮	U+71EE	17	ショウ・やわらげる
燵	U+71F5	17	タツ
燹	U+71F9	18	セン・キ・ヘイ・ビョウ・フン・のび
燻	U+71FB	18	クン・くすべる
燼	U+71FC	18	ジン・シン・もえのこり
燿	U+71FF	18	ヨウ・ヤク・シャク・ソウ・ショウ・かがやく
爍	U+720D	19	シャク・ラク・ヤク・とかす
爐	U+7210	20	ロ・いろり
爛	U+721B	21	ラン・レン・ただれる
爨	U+7228	29	サン・セン・かしぐ・かまど
爬	U+722C	8	ハ・バ・ベ・かく
爭	U+722D	8	ソウ・ショウ・あらそう
爰	U+7230	9	エン・ここに・ここ
爲	U+7232	12	イ・なす
爻	U+723B	4	コウ・ギョウ・まじわる・めめ
爼	U+723C	9	ショ・ソ・まないた
爿	U+723F	4	ショウ・ゾウ・しょうへん
牀	U+7240	8	ショウ・ソウ・ジョウ・ゆか
牆	U+7246	17	ショウ・ゾウ・かき
牋	U+724B	12	セン
牘	U+7258	19	トク・ドク・ふだ
牴	U+7274	9	テイ・タイ・ふれる
牾	U+727E	11	ゴ
犁	U+7281	11	リ・レイ・すき
犂	U+7282	12	リ・レイ・リュウ・ライ・ル・すき・からすき
犇	U+7287	12	ホン・はしる・ひしめく
犒	U+7292	14	コウ・ねぎらう
犖	U+7296	14	ラク・まだらうし
犢	U+72A2	19	トク・ドク・こうし
犧	U+72A7	20	キ・ギ・サ・いけにえ
犲	U+72B2	6	サイ・やまいぬ
犹	U+72B9	7	ユウ・ウ
狃	U+72C3	7	ジュウ・ジク・ニュ・ニク・ならう・なれる
狄	U+72C4	7	テキ・ジャク・えびす
狆	U+72C6	7	チュウ・ちん
狎	U+72CE	8	コウ・ゴウ・あなどる・なれる
狒	U+72D2	8	ヒ・ビ・ひひ
狠	U+72E0	9	コン・ガン・ゲン・ギン・ゴン・もとる
狡	U+72E1	9	コウ・キョウ・ずるい・わるがしこい
狢	U+72E2	9	カク・バク・むじな
狷	U+72F7	10	ケン
狹	U+72F9	10	コウ・ギョウ・キョウ・せまい
猊	U+730A	11	ゲイ
猖	U+7316	11	ショウ・くるう
猗	U+7317	11	イ・キ・ギ・ア・ああ
猜	U+731C	11	サイ・セ・うたがう・そねむ
猝	U+731D	11	ソツ・ソチ・にわか
猥	U+7325	12	ワイ・エ・みだりに・みだり
猩	U+7329	12	ショウ・セイ・ソウ
猯	U+732F	12	タン
猴	U+7334	12	コウ・ゴ・さる
猾	U+733E	13	カツ・ゲチ・わるがしこい
獎	U+734E	15	ショウ・ソウ・すすめる
獏	U+734F	13	ボ・モ・バク
獗	U+7357	15	ケツ・カチ
獨	U+7368	16	ドク・トク・ひとり
獪	U+736A	16	カイ・ケ・カツ・ゲチ・わるがしこい
獰	U+7370	17	ドウ・ニョウ・わるい
獵	U+7375	18	リョウ・かり
獸	U+7378	19	シュウ・シュ・ジュウ・けもの
獺	U+737A	19	ダツ・タツ・タチ・ダチ・かわうそ
獻	U+737B	20	ケン・コン・サ・キ・ギ・たてまつる
玳	U+73B3	9	タイ・ダイ
玻	U+73BB	9	ハ
珀	U+73C0	9	ハク・ヒャク
珈	U+73C8	9	カ・ケ
珎	U+73CE	9	チン・めずらしい
珞	U+73DE	10	ラク・レキ・リャク
珥	U+73E5	10	ジ・ニョウ・ジョウ・ニ・みみだま
珮	U+73EE	10	ハイ・おびだま
珱	U+73F1	10	エイ・ヨウ・オウ
珸	U+73F8	11	ゴ
琅	U+7405	11	ロウ
琥	U+7425	12	コ・ク
琲	U+7432	12	ハイ・ベ
琺	U+743A	12	ホウ
琿	U+743F	13	グン・コン・ゴン
瑁	U+7441	13	マイ・ボウ・モウ・バイ・メ・ボク・モク
瑕	U+7455	13	カ・ゲ・ケ・きず・なんぞ
瑙	U+7459	13	ノウ・ドウ
瑜	U+745C	13	ユ
瑟	U+745F	13	シツ・シチ・シ・おおごと
瑣	U+7463	14	サ・ちいさい
瑤	U+7464	14	ヨウ・たま
瑩	U+7469	15	エイ・ヨウ
瑪	U+746A	14	メ・バ
瑯	U+746F	14	ロウ
瑰	U+7470	14	カイ・エ・キ
瑶	U+7476	13	ヨウ・たま
瑾	U+747E	15	キン・コン・ギン
璋	U+748B	15	ショウ
璞	U+749E	16	ハク・あらたま
璢	U+74A2	16	リュウ
璧	U+74A7	18	ヘキ・ヒャク・たま
瓊	U+74CA	19	ケイ・セン・ギョウ・ゼン・たま
瓏	U+74CF	20	ロウ・リョウ・リュ・ル
瓔	U+74D4	21	ヨウ・エイ・オウ
瓠	U+74E0	12	コ・カク・ゴ・ワク・ひさご・ふくべ
瓣	U+74E3	20	ベン・ハン・ヘン・さね・はなびら・かんむり
瓧	U+74E7	7	デカグラム
瓩	U+74E9	8	キログラム
瓮	U+74EE	9	オウ・オ・もたい
瓰	U+74F0	9	デシグラム
瓱	U+74F1	9	ミリグラム
瓲	U+74F2	9	トン
瓷	U+74F7	11	シ・ジ・かめ
瓸	U+74F8	11	ヘクトグラム
甃	U+7503	14	シュウ・シュ・いしだたみ・しきがわら
甄	U+7504	14	ケン・シン・セン・ケイ・カイ・すえ
甅	U+7505	14	センチグラム
甌	U+750C	16	オウ・ウ・オ・ほとぎ
甍	U+750D	15	ボウ・ミョウ・ベイ・モウ・いらか
甎	U+750E	16	セン・ゼン・かわら
甓	U+7513	18	ヘキ・ビャク・ハク・ヒャク・かわら
甕	U+7515	18	オウ・オ・ユ・ヨウ・かめ・みか・もたい
甞	U+751E	13	ショウ・なめる
甦	U+7526	12	ソ・よみがえる
甬	U+752C	7	ヨウ・トウ・ユ・ズ
甸	U+7538	7	デン・テン・ジョウ・ショウ・ヨウ・セイ・かり
甼	U+753C	7	チョウ・まち
畄	U+7544	8	リュウ・とめる
畆	U+7546	9	ホ・せ
畉	U+7549	9	フ・ブ
畊	U+754A	9	コウ・たがやす
畋	U+754B	9	デン・テン・かり
畍	U+754D	9	カイ・さかい
畚	U+755A	10	ホン・ふご・もっこ・いしみ
畛	U+755B	10	シン・あぜ
畤	U+7564	11	ジ・シ・チ
畧	U+7567	11	リャク・おさめる
畩	U+7569	11	けさ・げさ
畫	U+756B	12	カク・カイ・ギャク・エ・ガ・えがく
畭	U+756D	12	シャ・ヨ
畴	U+7574	12	チュウ・うね・たぐい
當	U+7576	13	トウ・あたる
畸	U+7578	13	キ
疂	U+7582	16	ジョウ・かさなる・かさねる・たたみ・たたむ
疆	U+7586	19	キョウ・コウ・ギョウ・ゴウ・さかい
疇	U+7587	19	チュウ・ジュ・うね・たぐい・ひとしい
疉	U+7589	22	チョウ・ジョウ・たたみ
疊	U+758A	22	ジョウ・たたみ
疔	U+7594	7	チョウ・テイ
疚	U+759A	8	キュウ・ク・やましい・やむ
疝	U+759D	8	セン・サン
疣	U+75A3	9	ユウ・ウ・いぼ
疥	U+75A5	9	カイ・はたけ
疱	U+75B1	10	ホウ・ヒョウ・もがさ
疳	U+75B3	10	カン
疵	U+75B5	10	シ・ジ・サイ・ゼ・セイ・ザイ・きず
疸	U+75B8	10	タン
疼	U+75BC	10	トウ・ズ・ドウ・いたむ・うずく
疽	U+75BD	10	ソ・ショ・かさ
痂	U+75C2	10	カ・ケ・かさぶた
痃	U+75C3	10	ケン・ゲン
痊	U+75CA	11	セン
痍	U+75CD	11	イ・きず
痒	U+75D2	11	ヨウ・ショウ・ゾウ・かゆい・かさ
痙	U+75D9	12	ケイ・ギョウ・ひきつる
痞	U+75DE	12	ヒ・ヘ・ビ・ハイ・フウ・フ・つかえ
痣	U+75E3	12	シ・あざ・ほくろ
痰	U+75F0	13	タン・ダン・たん
痲	U+75F2	13	マ・バ・メ・しびれる
痳	U+75F3	13	リン
痺	U+75FA	13	ヒ・しびれる
痼	U+75FC	13	コ・ク
痾	U+75FE	13	ア・やまい
痿	U+75FF	13	イ・ズイ・ワイ・ニ・エ・なえる
瘁	U+7601	13	スイ・ズイ・つかれる
瘉	U+7609	14	ヨ・ユ・いえる
瘋	U+760B	14	フウ・フ
瘍	U+760D	14	ヨウ・トウ・ドウ・かさ
瘟	U+761F	15	オン・オツ・オチ・ウン・えやみ
瘠	U+7620	15	セキ・ジャク・やせる
瘡	U+7621	15	ソウ・ショウ・かさ
瘢	U+7622	15	ハン・バン・きず
瘤	U+7624	15	リュウ・ル・こぶ
瘧	U+7627	14	ギャク・ガク・おこり
瘰	U+7630	16	ルイ・ラ・ライ・レ
瘴	U+7634	16	ショウ
瘻	U+763B	16	ロウ・ル・リュウ・せむし
癆	U+7646	17	ロウ・リョウ
癇	U+7647	17	カン・ゲン・ひきつけ・かん
癈	U+7648	17	ハイ・ヘ
癘	U+7658	17	レイ・ライ・えやみ
癜	U+765C	18	テン・デン
癡	U+7661	19	チ・おろか
癢	U+7662	20	ヨウ・かゆい
癧	U+7667	21	レキ・リャク
癨	U+7668	21	カク
癩	U+7669	21	ライ・ラツ・ラチ
癪	U+766A	21	シャク・しゃく
癬	U+766C	22	セン・たむし
癰	U+7670	23	ヨウ・ユ・はれもの
癲	U+7672	24	テン
癶	U+7676	5	ハツ・ハチ・はつがしら
癸	U+7678	9	キ・みずのと
發	U+767C	12	ハツ・ホチ・ハイ・ヘ・ホツ・ハチ・はなつ
皀	U+7680	7	ヒュウ・ホウ・ヒキ・キュウ・キョウ・コウ・ヒョク
皃	U+7683	7	ボウ・バク・かたち
皈	U+7688	9	キ
皋	U+768B	10	コウ・ゴウ・コ・ク
皎	U+768E	11	キョウ・コウ・きよい・しろい
皓	U+7693	12	コウ・ゴウ・カイ・ケ・しろい・ひかる
皖	U+7696	12	カン・ゲン・ガン・コン・ゴン
皙	U+7699	13	セキ・シャク・しろい
皚	U+769A	15	ガイ・ギ・ゲ・しろい
皰	U+76B0	10	ホウ・ビョウ・にきび
皴	U+76B4	12	シュン・しわ・ひび
皷	U+76B7	14	コ・つづみ
皸	U+76B8	14	クン・キン・あかぎれ・ひび
皹	U+76B9	14	クン・ひび
皺	U+76BA	15	シュウ・スウ・シュ・しわ
盂	U+76C2	8	ウ・はち
盍	U+76CD	10	コウ・カツ・ゴウ・カチ・カイ・おおう・なんぞ
盒	U+76D2	11	ゴウ・コウ・アン・オン・ふたもの・さら
盖	U+76D6	11	ガイ・おおう
盜	U+76DC	12	ドウ・トウ・ぬすむ
盞	U+76DE	13	サン・セン・さかずき
盡	U+76E1	14	ジン・シン・つくす
盥	U+76E5	16	カン・たらい
盧	U+76E7	16	ロ・リョ
盪	U+76EA	17	トウ・ドウ・うごく・あらう
盻	U+76FB	9	ケイ・ゲイ・にらむ
眄	U+7704	9	ベン・メン・かえりみる
眇	U+7707	9	ビョウ・ミョウ・すがめ・すがめる
眈	U+7708	9	タン・トン・ドン・チン・にらむ
眛	U+771B	10	マイ・バイ・メ・くらい
眞	U+771E	10	シン・まこと
眤	U+7724	10	イ
眥	U+7725	10	サイ・シ・セイ・ザイ・ゼ・まなじり
眦	U+7726	10	シ・セイ・まなじり
眩	U+7729	10	ケン・ゲン・カン・くらむ・まどう・めまい・くるめく・まばゆい
眷	U+7737	11	ケン・かえりみる
眸	U+7738	11	ボウ・ム・ひとみ
睇	U+7747	12	テイ・ダイ
睚	U+775A	13	ガイ・ガ・ゲ・まなじり
睛	U+775B	13	セイ・ショウ・ひとみ
睥	U+7765	13	ヘイ
睨	U+7768	13	ゲイ・にらむ
睫	U+776B	13	ショウ・まつげ
睹	U+7779	14	ト・ツ・みる
睾	U+777E	14	コウ・ゴウ
睿	U+777F	14	エイ
瞋	U+778B	15	シン・シ・チン・テン・デン・いからす・いかる
瞎	U+778E	15	カツ・かため
瞑	U+7791	15	メイ・メン・ミン・ベン・ベイ・ミョウ・ボウ・くらい
瞞	U+779E	16	マン・バン・ボン・モン・ベン・メン・だます
瞠	U+77A0	16	ドウ・トウ・チョウ・ジョウ・みはる
瞰	U+77B0	17	カン・みる
瞶	U+77B6	17	キ・イ・ユイ
瞹	U+77B9	18	アイ
瞻	U+77BB	18	セン・みる
瞼	U+77BC	18	ケン・まぶた
瞽	U+77BD	18	コ・ク・めしい
瞿	U+77BF	18	ク・グ・キョク・おそれる・みる
矇	U+77C7	18	モウ・ボウ・モ・くらい・めしい
矍	U+77CD	20	カク・キャク
矗	U+77D7	24	チク・シュク・チュウ・チュ・なおい
矚	U+77DA	26	ショク・ソク・みる
矜	U+77DC	9	キョウ・キン・ギョウ・ギン・ケイ・ゴン・カン・ケン・あわれむ・ほこる・つつしむ
矣	U+77E3	7	イ
矮	U+77EE	13	ワイ・アイ・ア・ひくい
矼	U+77FC	8	コウ・ク
砌	U+780C	9	セイ・サイ・みぎり
砒	U+7812	9	ヒ・ヘイ・ビ
砠	U+7820	10	ショ・ソ
硅	U+7845	11	ケイ・カク・キャク・やぶる
硴	U+7874	12	カキ
硼	U+787C	13	ホウ・ヒョウ
碆	U+7886	13	ハ・バ
碌	U+788C	13	ロク・ラク・リョク
碎	U+788E	13	セ・サイ・くだく
碚	U+789A	13	ハイ
碣	U+78A3	14	ケツ・ゲチ・ゲイ・カチ・エチ・ケイ・カツ・アツ・いしぶみ
碪	U+78AA	14	ガン・ゴン・カン・コン・チン・きぬた
碯	U+78AF	14	ドウ・ノウ
碵	U+78B5	14	セキ・ヒロ
碼	U+78BC	15	バ・マ・メ
碾	U+78BE	15	テン・デン・ネン・うす・ひく
磅	U+78C5	15	ホウ・ヒョウ・ポンド
磆	U+78C6	15	カツ・ゲチ・カチ
磊	U+78CA	15	ライ・レ
磋	U+78CB	15	サ・みがく
磑	U+78D1	15	ガイ・カイ・ゲ・バ・マ・キ・ギ・うす
磔	U+78D4	16	タク・チャク・さく・はりつけ
磚	U+78DA	16	セン・タン・ダン・タ・ダ・かわら
磧	U+78E7	16	セキ・シャク・かわら
磬	U+78EC	16	ケイ・キョウ・キン
磴	U+78F4	17	トウ
磽	U+78FD	17	コウ・ガク・キョウ・ギョウ・ゴウ
礇	U+7907	18	イク
礑	U+7911	18	トウ・はたと
礒	U+7912	18	ギ・いそ
礙	U+7919	19	ガイ・ギ・さまたげる
礦	U+7926	20	コウ・あらがね
礪	U+792A	19	レイ・あらと・と・みがく
礫	U+792B	20	レキ・リャク・ラク・こいし・つぶて
礬	U+792C	20	バン・ハン・ボン
祀	U+7940	8	シ・ジ・まつり・まつる・とし
祓	U+7953	10	フツ・ハイ・フチ・ヘ・バイ・はらい・はらう
祕	U+7955	10	ヒ・ヒツ・ヒチ・ひめる
祗	U+7957	10	シ・つつしむ・まさに
祚	U+795A	10	ソ・ゾ・さいわい
祟	U+795F	10	スイ・シュツ・シュチ・たたり・たたる
祠	U+7960	10	シ・ジ・ほこら・まつる
祺	U+797A	13	キ・ギ・さいわい
祿	U+797F	13	ロク・リョク・さいわい
禀	U+7980	13	リン・ヒン・あたえる・うける
禊	U+798A	14	ケイ・ゲイ・カツ・ケチ・はらう・みそぎ
禝	U+799D	15	ショク・シキ
禧	U+79A7	17	キ・さいわい
禪	U+79AA	17	セン・ゼン・ゆずる
禮	U+79AE	18	レイ・ライ・リ
禳	U+79B3	22	ジョウ・ニョウ・はらう
禹	U+79B9	9	ウ
禺	U+79BA	9	グ・グウ・ギョウ
秉	U+79C9	8	ヘイ・ヒョウ・ヒン・とる
秕	U+79D5	9	ヒ・ビ・しいな
秡	U+79E1	10	ハツ・バチ・フツ・ハイ・はらう
秣	U+79E3	10	マツ・バイ・バツ・メ・マイ・マチ・まぐさ・まぐさかう
秧	U+79E7	10	オウ・ヨウ・なえ
秬	U+79EC	10	キョ・ゴ・くろきび
稈	U+7A08	12	カン・わら
稍	U+7A0D	12	ショウ・ソウ・やや・ようやく・すこし
稘	U+7A18	13	キ・ギ
稙	U+7A19	13	チョク・ショク・チキ・ジキ
稟	U+7A1F	13	ヒン・リン・ホン・うける
稠	U+7A20	13	チュウ・チョウ・ジュ・ジョウ・おおい
稱	U+7A31	14	ショウ・となえる
稷	U+7A37	15	ショク・シキ・きび
稻	U+7A3B	15	トウ・ドウ・いね
稾	U+7A3E	15	コウ・キョウ・わら
穃	U+7A43	15	ヨウ
穉	U+7A49	17	チ・おさない
穗	U+7A57	17	スイ・ズイ・ほ
穡	U+7A61	18	ショク・シキ
穢	U+7A62	18	エ・ワイ・アイ・けがれ・けがれる・あれる・けがす
穩	U+7A69	19	オン・おだやか
穰	U+7A70	22	ジョウ・ニョウ・ゼイ
穹	U+7A79	8	キュウ・ク・コウ・あめ・そら
穽	U+7A7D	9	セイ・ジョウ・おとしあな
窈	U+7A88	10	ヨウ
窕	U+7A95	11	チョウ・ヨウ・ジョウ
窖	U+7A96	12	コウ・キョウ・ソウ・あなぐら
窗	U+7A97	12	ソウ・ス
窘	U+7A98	12	キン・ゴン・ギ・キ・クン・グン・くるしむ・たしなめる
窩	U+7AA9	14	カ・ワ・むろ
窰	U+7AB0	15	ヨウ・かま
窶	U+7AB6	16	ル・リョ・ロ・ロウ・ク・グ・やつれる
窿	U+7ABF	17	リュウ・リュ
竄	U+7AC4	18	ザン・サン・サイ・セ・かくれる・のがれる
竅	U+7AC5	18	キョウ・あな
竇	U+7AC7	20	トウ・ズ・トク・ドク・あな
竈	U+7AC8	21	ソウ・かまど
竊	U+7ACA	22	セチ・セツ・ぬすむ
竍	U+7ACD	7	デカリットル
竏	U+7ACF	8	キロリットル
竒	U+7AD2	9	キ・くし
竓	U+7AD3	9	ミリリットル
竕	U+7AD5	9	デシリットル
站	U+7AD9	10	タン
竚	U+7ADA	10	チョ・たたずむ
竝	U+7ADD	10	ビョウ・ホウ・ボウ・ハン・バン・ヘイ・ならぶ
竟	U+7ADF	11	キョウ・ケイ・おわる・ついに・わたる
竡	U+7AE1	11	ヘクトリットル
竢	U+7AE2	12	シ・まつ
竦	U+7AE6	12	ショウ・シュ・おそれる・すくむ・つつしむ
竭	U+7AED	14	ケツ・ゲチ・つくす・つきる
竰	U+7AF0	14	センチリットル
竸	U+7AF8	22	キョウ・ケイ・きそう・せる
笂	U+7B02	9	うつぼ
笄	U+7B04	10	ケイ・こうがい
笆	U+7B06	10	ハ・ヘ
笊	U+7B0A	10	ソウ・ショウ・ざる・す
笋	U+7B0B	10	ジュン・たけのこ
笏	U+7B0F	10	コツ・ブン・ブツ・コチ・モチ・モン・しゃく
笘	U+7B18	11	チョウ・セン・サン
笙	U+7B19	11	ショウ・ソウ・セイ・シン・ふえ
笞	U+7B1E	11	チ・むち・むちうつ
笨	U+7B28	11	ホン・ボン・あらい
笳	U+7B33	11	カ・ケ・あしぶえ
笵	U+7B35	11	ボン・ハン・のり
笶	U+7B36	11	シ
筅	U+7B45	12	セン・ささら
筌	U+7B4C	12	セン・うえ
筍	U+7B4D	12	ジュン・シュン・イン・たけのこ
筐	U+7B50	12	キョウ・コウ・かご・はこ
筝	U+7B5D	12	ショウ・ソウ・こと
筥	U+7B65	13	キョ・リョ・ロ・コ・はこ
筧	U+7B67	13	ケン・かけい・かけひ
筬	U+7B6C	12	セイ・ジョウ・おさ
筮	U+7B6E	13	ゼイ・セイ・エイ・うらなう・めどぎ
筰	U+7B70	13	サク・セキ
筱	U+7B71	13	ショウ・しの
筴	U+7B74	13	キョウ・サク・コウ・シャク・めどぎ
筵	U+7B75	13	エン・むしろ
筺	U+7B7A	13	キョウ・かご・はこ
箋	U+7B8B	14	セン・ふだ
箍	U+7B8D	14	コ・ク・たが
箏	U+7B8F	14	ソウ・ショウ・こと
箒	U+7B92	14	シュウ・ソウ・ほうき
箘	U+7B98	14	キン・ゴン
箙	U+7B99	14	フク・ブク・えびら
箚	U+7B9A	14	トウ・サツ
箜	U+7B9C	14	ク・コウ
箝	U+7B9D	14	カン・ケン・ゲン・くびかせ・はさむ
箟	U+7B9F	14	キン
箴	U+7BB4	15	シン・カン・いましめる・はり
篁	U+7BC1	15	コウ・オウ・たかむら
篆	U+7BC6	15	テン・デン
篋	U+7BCB	15	キョウ・はこ
篌	U+7BCC	15	コウ・ゴ
篏	U+7BCF	15	カン・はさむ
篝	U+7BDD	16	コウ・ク・かがり・ふせご
篥	U+7BE5	16	リツ・リチ・リキ
篦	U+7BE6	16	ヘイ・ヒ・ビ・の・へら
篩	U+7BE9	16	シ・サイ・ふるい
篳	U+7BF3	16	ヒツ・ヒチ・ヒ・まがき
篶	U+7BF6	17	エン
篷	U+7BF7	17	ホウ・ボ・とま
簀	U+7C00	17	サク・シャク・サイ・セ・す
簇	U+7C07	17	ソウ・ゾク・サク・シュ・むらがる・やじり
簍	U+7C0D	17	ロウ・ル・ク・グ
簑	U+7C11	16	サ・みの
簒	U+7C12	17	サン・うばう
簓	U+7C13	17	セン・ささら
簔	U+7C14	17	サ・みの
簗	U+7C17	17	ヤナセ・やな
簟	U+7C1F	18	テン・デン・たかむしろ
簣	U+7C23	18	キ・カイ・ギ・ケ・あじか
簧	U+7C27	18	コウ・オウ・した
簪	U+7C2A	20	シン・サン・ザン・かんざし
簫	U+7C2B	19	ショウ・ふえ
簷	U+7C37	19	エン・ひさし・のき
簽	U+7C3D	19	セン・かご
籀	U+7C40	19	チュウ
籃	U+7C43	20	ラン・かご
籌	U+7C4C	20	チュウ・ジュ・トウ・ドウ・はかりごと・かずとり
籏	U+7C4F	20	はた・ばた
籐	U+7C50	21	トウ・ドウ・とう
籔	U+7C54	21	ソウ・ス・シュ
籖	U+7C56	21	セン・くじ
籘	U+7C58	22	トウ
籟	U+7C5F	22	ライ・ふえ
籠	U+7C60	22	ロウ・ル・リョウ・リュ・かご・こめる・こもる
籤	U+7C64	23	セン・くじ
籥	U+7C65	23	ヤク・ふえ
籬	U+7C6C	25	リ・かき・まがき
籵	U+7C75	8	ハン・デカメートル
粃	U+7C83	10	ヒ・しいな
粐	U+7C90	10	ぬか
粡	U+7CA1	12	トウ・ズ
粢	U+7CA2	12	シ・セイ・ザイ・しとぎ
粤	U+7CA4	12	エツ・オチ・ここに
粨	U+7CA8	12	ヘクトメートル
粫	U+7CAB	12	うるち
粭	U+7CAD	12	すくも
粮	U+7CAE	13	リョウ・かて
粱	U+7CB1	13	リョウ・あわ
粲	U+7CB2	13	サン・いい
粳	U+7CB3	13	コウ・キョウ・うるち
粹	U+7CB9	14	スイ・サイ・セ・いき
粽	U+7CBD	14	ソウ・ス・ちまき
糀	U+7CC0	13	こうじ
糂	U+7CC2	15	サン・ジン
糅	U+7CC5	15	ジュウ・ニュ・まじる・かて・かてる
糒	U+7CD2	16	ヒ・ビ・ハイ・ベ・ほしいい
糘	U+7CD8	16	すくも
糜	U+7CDC	17	ビ・ミ・ただれる・かゆ
糢	U+7CE2	16	モ・かた・のっとる
糯	U+7CEF	20	ダ・ナ・ダン・ナン・もちごめ
糲	U+7CF2	20	レイ・ラツ・ラチ・ライ・あらい・くろごめ
糴	U+7CF4	22	テキ・ジャク・チャク・トウ・ドウ・かいよね
糶	U+7CF6	25	チョウ・ジョウ・うりよね・せり
糺	U+7CFA	7	キュウ・あざなう
紂	U+7D02	9	チュウ・ジュ・しりがい
紆	U+7D06	9	ウ・ク・オウ・オ・まがる・めぐる
紊	U+7D0A	10	ビン・ブン・モン・みだれる
紕	U+7D15	10	ヒ・ビ・ヘン・ベン・シ
紜	U+7D1C	10	ウン・みだれる
紮	U+7D2E	11	サツ・サチ・からげる
紲	U+7D32	11	セツ・セチ・きずな
紵	U+7D35	11	チョ・ジョ・からむし
紿	U+7D3F	11	タイ・ダイ・あざむく
絅	U+7D45	11	ケイ・キョウ・ギョウ
絆	U+7D46	11	バン・ハン・きずな・つなぐ・ほだし・ほだす
絋	U+7D4B	11	ゲン・ヒロシ・ヒロム・コウ・ヒロ
絎	U+7D4E	12	コウ・ギョウ・くける
絏	U+7D4F	12	セツ・セチ・エイ
絖	U+7D56	12	コウ・ぬめ・わた
絛	U+7D5B	13	ジョウ・トウ・さなだ
絣	U+7D63	12	ホウ・ヘイ・ヒョウ・ヘン・かすり
絨	U+7D68	12	ジュウ・ニュ
絮	U+7D6E	12	ジョ・ショ・チョ・ダ・ナ・ニョ・わた
絲	U+7D72	12	シ・いと
絳	U+7D73	12	コウ・あか
絽	U+7D7D	13	ロ・リョ・ろ
綉	U+7D89	13	シュウ・トウ・ツ・ぬいとり
綏	U+7D8F	13	スイ・タ・タイ・ズイ・キ・ニ・テ・やすい
經	U+7D93	13	ケイ・キョウ・へる
綛	U+7D9B	13	かすり・かせ
綟	U+7D9F	13	レイ・ライ・レツ・レチ・もじ
綢	U+7DA2	14	チュウ・チョウ・トウ・ジュ・ジョウ・まとう
綣	U+7DA3	14	ケン・カン・キン
綫	U+7DAB	14	セン・すじ
綮	U+7DAE	14	ケイ・エイ・キョウ
綯	U+7DAF	14	トウ・ドウ・なう・なわ・よる
綰	U+7DB0	14	ワン・わがねる
綵	U+7DB5	14	サイ・あや・あやぎぬ
綸	U+7DB8	14	リン・ロン・カン・いと
綺	U+7DBA	14	キ・あや・いろう
綽	U+7DBD	14	シャク
緇	U+7DC7	14	シ・くろ・くろむ
緕	U+7DD5	14	かすり
緘	U+7DD8	15	カン・とじる
緜	U+7DDC	15	ベン・ベツ・メチ・メン・わた
緝	U+7DDD	15	シュウ・つむぐ
緞	U+7DDE	15	ドン・タン・ダン
緡	U+7DE1	15	ビン・コン・ミン・ベン・メン・つりいと・さし
緤	U+7DE4	15	セツ・セチ・きずな・つなぐ
緲	U+7DF2	15	ビョウ・ミョウ
緻	U+7DFB	16	チ・ジ・こまかい
縅	U+7E05	15	おどし・おどす
縉	U+7E09	16	シン・シ・さしはさむ
縊	U+7E0A	16	イ・エイ・くびる・くびれる
縋	U+7E0B	16	ツイ・ズイ・すがる
縒	U+7E12	16	シ・サ・サク・よる
縟	U+7E1F	16	ジョク・ニク・しげし
縡	U+7E21	16	サイ・こと
縢	U+7E22	16	トウ・ドウ・かな・からげる・むかばき
縣	U+7E23	16	ケン・ゲン・あがた・かける
縱	U+7E31	17	ジュウ・ショウ・シュ・ソウ・ス・ズ・たて
縲	U+7E32	17	ルイ・ラ・かさねる
縵	U+7E35	17	マン・バン
縷	U+7E37	17	ル・ロウ・リュウ・いと
縹	U+7E39	17	ヒョウ・はなだいろ・はなだ
縺	U+7E3A	17	レン・もつれ・もつれる
縻	U+7E3B	17	ビ・ミ
總	U+7E3D	17	ソウ・ス・すべて
繃	U+7E43	17	ホウ・ヒョウ・まく
繆	U+7E46	17	ボク・ビュウ・ム・ル・モク・ク・ボウ・リュウ・あやまる・まとう
繖	U+7E56	18	サン・きぬがさ
繙	U+7E59	18	ハン・ホン・ボン・バン・ひもとく
繚	U+7E5A	18	リョウ・ジョウ・ニョウ・まとう・めぐる・まつわる
繝	U+7E5D	18	ケン・カン
繞	U+7E5E	18	ジョウ・ニョウ・まとう・めぐる
繦	U+7E66	18	キョウ・コウ・ぜにさし・ふしいと
繧	U+7E67	18	ウン・うん
繩	U+7E69	19	ショウ・ジョウ・ヨウ・ビン・ミン・なわ
繪	U+7E6A	19	カイ・エ・ケ・え
繹	U+7E79	19	エキ・ヤク・セキ・シャク・たずねる・ぬく
繻	U+7E7B	20	シュ・ジュ・ニュ
繼	U+7E7C	20	キ・ケイ・つぐ
繽	U+7E7D	20	ヒン・ビン
繿	U+7E7F	20	ラン・ぼろ
纃	U+7E83	20	かすり
纈	U+7E88	21	ケチ・ケツ・ゲチ・しぼり
纉	U+7E89	21	サン・つぐ・うけつぐ
續	U+7E8C	21	ショク・ゾク・つづく
纎	U+7E8E	21	セン
纐	U+7E90	21	コウ
纒	U+7E92	22	テン・まとう
纓	U+7E93	23	エイ・ヨウ・えい
纔	U+7E94	23	サイ・サン・わずか
纖	U+7E96	23	セン
纛	U+7E9B	24	トウ・トク・ドウ・ドク
纜	U+7E9C	27	ラン・ともづな
缸	U+7F38	9	コウ・ゴウ
缺	U+7F3A	10	ケチ・キ・ケン・ケツ・かける
罅	U+7F45	17	カ・ケ・すき・ひび
罌	U+7F4C	20	オウ・ヨウ・エイ
罍	U+7F4D	21	ライ・レ・ルイ・さかだる
罎	U+7F4E	22	ドン・タン・びん
罐	U+7F50	23	カン・かま
网	U+7F51	6	ボウ・モウ・あみがしら・あみ
罔	U+7F54	8	ボウ・モウ・ム・あみ・しいる・ない
罕	U+7F55	7	カン・まれ
罘	U+7F58	9	フ・ブ・ビ・フウ・ヒ・うさぎあみ・あみ
罟	U+7F5F	10	コ・ク・あみ
罠	U+7F60	10	ビン・ミン・あみ・わな
罧	U+7F67	13	シン・リン
罨	U+7F68	13	アン・エン・ヨウ・オウ・あみ
罩	U+7F69	13	トウ・チョウ・チョク・タク・こめる
罸	U+7F78	15	バツ
罹	U+7F79	16	リ・かかる
羂	U+7F82	18	ケン
羃	U+7F83	18	ベキ・ミャク
羆	U+7F86	19	ヒ・ひぐま
羇	U+7F87	22	キ
羈	U+7F88	24	キ・おもがい・たずな・たび・つなぐ・たづな
羌	U+7F8C	8	キョウ・コウ・ああ・えびす
羔	U+7F94	10	コウ・こひつじ
羚	U+7F9A	11	レイ・リョウ・かもしか
羝	U+7F9D	11	テイ・タイ・おひつじ
羞	U+7F9E	11	シュウ・シュ・すすめる・はじる
羣	U+7FA3	13	クン・グン・むれ
羮	U+7FAE	15	コウ・ロウ・あつもの
羯	U+7FAF	15	カツ・ケツ・ケチ
羲	U+7FB2	16	ギ・キ
羶	U+7FB6	19	セン・キョウ・ケイ・なまぐさい
羸	U+7FB8	19	ルイ・レン・つかれる・よわい
羹	U+7FB9	19	カン・コウ・ロウ・キョウ・あつもの
翅	U+7FC5	10	シ・ギ・キ・つばさ・ただ
翆	U+7FC6	10	スイ・みどり
翊	U+7FCA	11	ヨク・ユウ
翔	U+7FD4	12	ショウ・かける・とぶ
翕	U+7FD5	12	キュウ・コウ・あう
翡	U+7FE1	14	ヒ・かわせみ
翦	U+7FE6	15	セン・きる
翩	U+7FE9	15	ヘン・ベン・ひるがえる
翳	U+7FF3	17	エイ・エチ・エツ・かげ・かげる・かざす・おおい・おおう
翹	U+7FF9	18	ギョウ・キョウ・あげる・つまだてる
耄	U+8004	10	ボウ・モウ・おいぼれる
耆	U+8006	10	キ・ギ・シ・ジ・おいる
耋	U+800B	12	テツ・デチ・としより
耒	U+8012	6	ライ・ルイ・レ・すき・らいすき
耘	U+8018	10	ウン・くさぎる
耙	U+8019	10	ハ・ヘ
耜	U+801C	11	シ・ジ・すき
耡	U+8021	13	ジョ・ショ・ゾ・すく
耨	U+8028	16	ドウ・ジョク・ヌ・ドク・ノク・くさぎる・くわ
耻	U+803B	10	チ・はじる
耿	U+803F	10	コウ・キョウ・ケイ・ひかり
聆	U+8046	11	レイ・リョウ・きく
聊	U+804A	11	リョウ・リュウ・ル・いささか
聒	U+8052	12	カツ・カチ・かまびすしい
聘	U+8058	13	ヘイ・ヒョウ・とう・めす
聚	U+805A	14	シュ・ジュ・シュウ・あつまる・あつめる
聟	U+805F	14	セイ・むこ
聢	U+8062	14	テイ・しかと
聨	U+8068	15	レン・つらなる
聰	U+8070	17	ソウ・ス
聲	U+8072	17	セイ・ショウ・こえ
聳	U+8073	17	ショウ・シュ・ソウ・そびえる
聶	U+8076	18	ショウ・ジョウ・ニョウ・ヨウ・チョウ・ささやく
聹	U+8079	20	ネイ・デイ・ニョウ
聽	U+807D	22	テイ・チョウ・きく
聿	U+807F	6	イツ・イチ・ここに・ふで・ふでづくり
肄	U+8084	13	イ・シ・エイ・ならう
肅	U+8085	13	シュク・ショウ・つつしむ
肆	U+8086	13	シ・シツ・シチ・イ・カイ・テキ・チャク・つらねる・ほしいまま・みせ
肓	U+8093	7	コウ
肚	U+809A	7	ト・ズ・はら
肛	U+809B	7	コウ・グ
肬	U+80AC	8	ユウ・ウ・いぼ
肭	U+80AD	8	ドツ・ダツ・ジク・ナチ
胄	U+80C4	9	チュウ・ジュ・ちすじ・よつぎ
胖	U+80D6	9	ハン・バン・ゆたか
胙	U+80D9	9	ソ・ゾ・サク・ザク・ひもろぎ
胚	U+80DA	9	ハイ・フ・ヘ・はらみ・はらむ
胛	U+80DB	9	コウ・かいがらぼね
胝	U+80DD	9	チ・シ・テイ・タイ・たこ
胥	U+80E5	9	ショ・ソ・あい・みな・みる
胯	U+80EF	10	コ・カ・ケ・カイ・また
胱	U+80F1	10	コウ
胼	U+80FC	10	ヘン
脉	U+8109	9	ミャク・すじ
脛	U+811B	11	ケイ・ギョウ・コウ・キョウ・すね・はぎ
脣	U+8123	11	シン・シュン・ジュン・ビン・ミン・くちびる
脩	U+8129	11	シュウ・ユウ・チョウ・ショウ・シュ・ウ・おさめる・ながい・ほじし
脯	U+812F	11	ホ・フ・ブ・ほじし
脾	U+813E	12	ヒ・ビ・ハイ・バイ・ヘイ
腆	U+8146	12	テン・あつい
腋	U+814B	12	エキ・ヤク・セキ・シャク・わき
腑	U+8151	12	フ・ブ・はらわた
腓	U+8153	12	ヒ・ビ・こむら
腟	U+815F	13	チツ・チチ
腥	U+8165	13	セイ・ショウ・なまぐさい
腦	U+8166	13	ドウ・ノウ
腮	U+816E	13	サイ・えら
腱	U+8171	13	キン・ケン・ゴン・ゲン・コン
腴	U+8174	13	ユ・あぶら・こえる
膀	U+8180	14	ボウ・ホウ
膂	U+8182	14	リョ・ロ
膃	U+8183	14	オツ・オチ・アツ・アチ・ワツ
膈	U+8188	14	カク・キャク
膊	U+818A	14	ハク・レツ・レチ・ハイ・ヘ・フ・ほじし
膓	U+8193	15	チョウ・はらわた
膕	U+8195	15	カク・キャク・コク・ひかがみ・よぼろ
膠	U+81A0	15	コウ・キョウ・ドウ・ニョウ・ゴウ・にかわ
膣	U+81A3	15	チツ・チチ
膤	U+81A4	15	ゆき
膩	U+81A9	16	ジ・ニ・あぶら・こえる
膰	U+81B0	16	ハン・ボン・バン・ハ・バ・ひもろぎ
膵	U+81B5	15	スイ・すい
膸	U+81B8	17	スイ・イ
膺	U+81BA	17	ヨウ・オウ・むね
膽	U+81BD	17	タン・きも
膾	U+81BE	17	カイ・ケ・なます
臀	U+81C0	17	デン・トン・ドン・しり
臂	U+81C2	17	ヒ・ひじ
臈	U+81C8	16	ロウ・カツ・カチ
臉	U+81C9	17	ケン・レン・ラン・セン
臍	U+81CD	18	セイ・サイ・ザイ・へそ・ほぞ
臑	U+81D1	18	ジ・ジュ・ニュ・ノウ・ニ・すね
臘	U+81D8	19	ロウ・リョウ
臙	U+81D9	20	エン・のど・べに
臚	U+81DA	20	ロ・リョ・フ
臟	U+81DF	21	ゾウ・ソウ・はらわた
臠	U+81E0	25	レン・ラン・きりみ
臧	U+81E7	14	ソウ・ゾウ・よい
臺	U+81FA	14	タイ・ダイ・コ・グ・うてな
臻	U+81FB	16	シン・セン・いたる
臾	U+81FE	9	ユ・ヨウ・ヨ・キ・ギ
舁	U+8201	9	ヨ・キョ・コ・かく
舂	U+8202	11	ショウ・シュ・ソウ・つく・うすづく
舅	U+8205	13	キュウ・グ・しゅうと
與	U+8207	14	ヨ・アイ・あたえる
舉	U+8209	17	キョ・あげる
舊	U+820A	17	キュウ・グ・ク・ふるい
舍	U+820D	8	シャ・セキ・シャク・やどる
舐	U+8210	10	シ・ジ・なめる・ねぶる
舒	U+8212	12	ジョ・ショ・のべる
舖	U+8216	15	ホ
舩	U+8229	10	セン・ふね
舫	U+822B	10	ホウ・ボウ・もやいぶね・もやう
舮	U+822E	10	ロ・リョ・ル・とも・へさき・へ
舳	U+8233	11	ジク・チク・ユウ・チュウ・ユ・ジュ・とも・へさき
舸	U+8238	11	カ・ふね
艀	U+8240	13	フ・フウ・ブ・はしけ
艘	U+8258	15	ソウ・ショウ・シュウ・シュ・ふね
艙	U+8259	16	ソウ
艚	U+825A	17	ソウ・ゾウ
艝	U+825D	17	そり
艟	U+825F	18	ドウ・トウ・ズ・ショウ・シュ・ジュ・ジョ・ふね
艢	U+8262	19	ショウ・ほばしら
艤	U+8264	19	ギ・ふなよそおい
艨	U+8268	19	モウ・ボウ・モ・ふね
艪	U+826A	21	ロ・かい
艫	U+826B	22	ロ・リョ・とも・へさき
艱	U+8271	17	カン・ケン・かたい・なやむ
艷	U+8277	24	エン・なまめかしい
艸	U+8278	6	ソウ・くさ
艾	U+827E	5	ガイ・ゲ・おさめる・かる・もぐさ・よもぎ
芍	U+828D	6	シャク・チャク・ケキ・キャク・キョウ・テキ・ジャク・ギョウ
芒	U+8292	6	ボウ・コウ・モウ・すすき・のぎ
芟	U+829F	7	サン・セン・イ・かる
芫	U+82AB	7	ゲン・ガン
芬	U+82AC	7	フン・ボン・かおり・こうばしい
芻	U+82BB	10	ス・スウ・シュ・シュウ・まぐさ
苒	U+82D2	8	ゼン・ネン
苙	U+82D9	8	リュウ・キュウ・ギュウ
苜	U+82DC	8	モク・ボク
苞	U+82DE	8	ホウ・ヒョウ・つと
苟	U+82DF	8	コウ・ク・いやしくも・かりそめ
苡	U+82E1	8	イ・シ・ジ・ワ
苣	U+82E3	8	キョ・ゴ・ちしゃ
苳	U+82F3	8	トウ・ツ・ふき
苴	U+82F4	8	ショ・ソ・サ・ス・シュ・ホウ・ジャ・タイ・つと
苹	U+82F9	8	ヘイ・ヒョウ・ビョウ・ホウ・ヘン・ベン
苺	U+82FA	8	バイ・マイ・メ・ボウ・モウ・モ・いちご
苻	U+82FB	8	フ・ブ・ホ
范	U+8303	8	ハン・ホン・いがた
茆	U+8306	8	ボウ・リュウ・ミョウ・ル・モウ・かや・ぬなわ
茉	U+8309	8	マツ・バツ・マ
茖	U+8316	9	カク
茗	U+8317	9	ミョウ・メイ・ベイ・ちゃ
茘	U+8318	9	レイ・リ
茣	U+8323	10	ゴ
茫	U+832B	9	ボウ・モウ
茯	U+832F	9	ブク・フク・ホク・ボク・ヒ
茱	U+8331	9	シュ
茲	U+8332	9	ジ・シ・ここ・ここに・しげる
茴	U+8334	9	ウイ・カイ・エ
茵	U+8335	9	イン・しとね
茹	U+8339	9	ジョ・ニョ・ジュ・ダ・ナ・ニュ・ゆでる・くう・ゆだる
荀	U+8340	9	ジュン・シュン
荅	U+8345	9	トウ・あずき・こたえる
荐	U+8350	9	セン・ゼン・ソン・ゾン・しきりに
荳	U+8373	10	トウ・ズ・まめ
荵	U+8375	10	ジン・ニン・しのぶ・しのぶぐさ
荼	U+837C	10	ト・シャ・ヨ・タ・ダ・ショ・ヤ・ズ・にがな・のげし
莅	U+8385	10	リ・ルイ・リツ・リチ・のぞむ
莇	U+8387	10	チョ・ジョ・ショ・ゾ
莉	U+8389	10	リ・レイ・チ
莊	U+838A	19	ソウ・ショウ・おごそか
莎	U+838E	10	サ・シャ・スイ・はますげ
莓	U+8393	10	バイ・ビュウ・メ・ミュ・いちご
莖	U+8396	10	ケイ・コウ・ギョウ・ヨウ・オウ・くき
莚	U+839A	10	エン・むしろ
莟	U+839F	10	カン・ゴン・ガン・つぼみ・つぼむ
莠	U+83A0	10	ユウ・シュウ・ユ・シュ・はぐさ
莢	U+83A2	10	キョウ・さや
莨	U+83A8	10	ロウ・リョウ・たばこ
莪	U+83AA	10	ガ
莵	U+83B5	10	ト・ウ・うさぎ
莽	U+83BD	9	ボウ・モウ・くさ
菁	U+83C1	11	セイ・ショウ
菎	U+83CE	11	コン
菘	U+83D8	11	シュウ・スウ・シュ・コウ・ク
菠	U+83E0	11	ハ
菫	U+83EB	11	キン・すみれ
菲	U+83F2	11	ヒ・うすい
菴	U+83F4	11	アン・エン・オン・いおり
菷	U+83F7	11	シュウ・ソウ・ほうき
菻	U+83FB	11	リン
菽	U+83FD	11	シュク・ショウ・まめ
萃	U+8403	11	スイ・ズイ・サイ・セ・シュツ・ジュチ・あつまる
萇	U+8407	11	チョウ・ジョウ
萋	U+840B	11	セイ・サイ・シ
萍	U+840D	11	ヘイ・ビョウ・うきくさ
萓	U+8413	11	ギ・ケン・かや
萠	U+8420	11	ホウ・ボウ・きざす・めばえ・もえる
萢	U+8422	11	ヤチ・ヤツ
萪	U+842A	12	カ
萬	U+842C	12	バン・マン・よろず
萵	U+8435	12	カ・ワ
萸	U+8438	12	ユ
萼	U+843C	12	ガク・うてな
葆	U+8446	12	ホ・ホウ
葢	U+8462	12	カイ・ガイ・おおう
葩	U+8469	12	ハ・ヘ・ア・はな
葫	U+846B	12	コ・ゴ
葭	U+846D	12	カ・ケ・あし・よし
葮	U+846E	12	タン・ダン
葯	U+846F	12	ヤク・アク・テキ・チャク
葷	U+8477	12	クン
葹	U+8479	12	シ
蒂	U+8482	12	タイ・テイ・へた
蒄	U+8484	12	カン
蒟	U+849F	13	コン・ク・グ
蒡	U+84A1	13	ボウ・ホウ・ビョウ
蒭	U+84AD	13	シュ・スウ・まぐさ
蒹	U+84B9	13	ケン・カン・おぎ
蒻	U+84BB	13	ニャク・ジャク・ダク・ニョク
蒿	U+84BF	13	コウ・よもぎ
蓁	U+84C1	13	シン
蓆	U+84C6	13	セキ・ジャク・むしろ
蓊	U+84CA	13	オウ・オ・とう
蓍	U+84CD	13	シ・めどぎ
蓐	U+84D0	13	ジョク・ニク・しとね
蓖	U+84D6	13	ヒ・ヘイ
蓙	U+84D9	13	ザ・ござ
蓚	U+84DA	13	シュウ・チョウ
蓴	U+84F4	14	ジュン・シュン・タン・ダン・ぬなわ
蓼	U+84FC	14	リク・リョウ・ロウ・リュウ・ロク・ル・たで
蓿	U+84FF	14	シュク
蔆	U+8506	14	リョウ・ひし
蔔	U+8514	14	フク・ホク・ボク
蔕	U+8515	14	テイ・タイ・テ・へた
蔗	U+8517	14	シャ・ショ・さとうきび
蔘	U+8518	14	サン・シン
蔟	U+851F	14	ゾク・ソク・ソウ・シュ・サク・まぶし
蔡	U+8521	14	サイ・サツ・サチ
蔬	U+852C	15	ソ・ショ・ス・シュ・あおもの
蕀	U+8540	15	キョク
蕁	U+8541	15	ジン・タン・シン・ドン
蕈	U+8548	15	ジン・シン・キン・タン・テン・コン・ゴン・ドン・きのこ
蕋	U+854B	15	ズイ・しべ
蕕	U+8555	15	ユ・ユウ
蕘	U+8558	15	ジョウ・ドウ・ギョウ・ニョウ・きこり・たきぎ
蕚	U+855A	15	ガク・うてな
蕣	U+8563	15	シュン・あさがお・むくげ
蕭	U+856D	16	ショウ・よもぎ
蕷	U+8577	16	ヨ
蕾	U+857E	16	ライ・レ・つぼみ
薀	U+8580	16	ウン・オン・つむ
薇	U+8587	16	ビ・ミ・ぜんまい
薈	U+8588	16	ワイ・カイ・エ・イ
薊	U+858A	16	ケイ・カイ・ケツ・ケ・ケチ・あざみ
薐	U+8590	16	ロウ
薑	U+8591	16	キョウ・コウ・はじかみ
薔	U+8594	16	ソウ・ショク・ショウ・シキ・ゾウ・みずたで
薛	U+859B	16	セツ・セチ
薜	U+859C	16	ヘイ・ヘキ・ヒャク・ベイ・ハク・バク・ハイ・ベ
薤	U+85A4	16	カイ・ガイ・ケイ・ゲイ・にら・おおにら
薨	U+85A8	16	コウ・みまかる
薹	U+85B9	17	ダイ・タイ・あぶらな・とう
薺	U+85BA	17	セイ・シ・ザイ・ジ・なずな
藉	U+85C9	17	シャ・ジャク・セキ・ジャ・かりる・ふむ・しく
藏	U+85CF	17	ゾウ・ソウ・くら
藐	U+85D0	17	バク・ビョウ・ボウ・マク・ミョウ・かろんじる・とおい
藕	U+85D5	18	グ・グウ・ゴウ
藜	U+85DC	18	レイ・ライ・あかざ
藝	U+85DD	18	ゲイ・わざ
藥	U+85E5	18	ヤク・シャク・リャク・くすり
藪	U+85EA	18	シュ・ス・ソウ・やぶ
藹	U+85F9	19	アイ・アツ・アチ
藺	U+85FA	19	リン・レン・い
藾	U+85FE	19	ライ
蘂	U+8602	19	ズイ・しべ
蘆	U+8606	19	ロ・リョ・ラ・あし
蘊	U+860A	19	ウン・オン・つむ
蘋	U+860B	19	ヒン・ビン・うきくさ
蘓	U+8613	19	ス・ソ・よみがえる
蘖	U+8616	20	ゲツ・ひこばえ
蘗	U+8617	20	ハク・きはだ
蘚	U+861A	20	セン・こけ
蘢	U+8622	19	ロウ・ル・リョウ・リュ
蘯	U+862F	20	トウ・うごく
蘰	U+8630	20	かつら
蘿	U+863F	22	ラ
虍	U+864D	6	コ・ク・とらかんむり・とらがしら
虔	U+8654	10	ケン・ゲン・つつしむ
處	U+8655	11	ショ・キョ・コ・ところ
號	U+865F	13	ゴウ・コウ・さけぶ
虧	U+8667	17	キ・かける
虱	U+8671	8	シツ・しらみ
蚋	U+868B	10	ゼイ・ぶよ
蚌	U+868C	10	ボウ・フ・ビョウ・ホウ・どぶがい
蚓	U+8693	10	イン・コン・キン・ケン・みみず
蚣	U+86A3	10	コウ・ショウ・ク・シュウ・シュ・ソウ・ス
蚩	U+86A9	10	シ・チ
蚪	U+86AA	10	ト・トウ・ツ
蚫	U+86AB	11	ホウ・あわび
蚯	U+86AF	11	キュウ・ク
蚰	U+86B0	11	ユウ・ユ・チク・ジク
蚶	U+86B6	11	カン・ゴン
蛄	U+86C4	11	コ・ク
蛆	U+86C6	11	ソ・ショ・テツ・うじ
蛉	U+86C9	11	レイ・リョウ
蛔	U+86D4	12	カイ・エ
蛛	U+86DB	12	チュ・シュ
蛞	U+86DE	12	カツ・カチ・セツ・ゼチ
蛟	U+86DF	12	コウ・キョウ・みずち
蛩	U+86E9	12	キョウ・グ・こおろぎ
蛬	U+86EC	12	キョウ・ク・グ・きりぎりす
蛯	U+86EF	12	えび
蛹	U+86F9	13	ヨウ・ユ・さなぎ
蛻	U+86FB	13	ゼイ・タイ・タ・セツ・エツ・セイ・セ・テ・ぬけがら・もぬける
蜀	U+8700	13	ショク・ゾク・いもむし
蜃	U+8703	13	シン・ジン
蜆	U+8706	13	ケン・ゲン・しじみ
蜈	U+8708	13	ゴ
蜉	U+8709	13	フ・フウ・ブ
蜊	U+870A	13	リ・あさり
蜍	U+870D	13	ショ・ジョ・ヨ
蜑	U+8711	13	タン・ダン・あま
蜒	U+8712	13	エン・タン・ヨウ・オウ
蜚	U+871A	14	ヒ・ビ・ハイ・ベ・あぶらむし・とぶ
蜥	U+8725	14	セキ・シャク
蜩	U+8729	14	チョウ・ジョウ・チュウ・ジュ・せみ・ひぐらし
蜴	U+8734	14	エキ・ヤク・セキ・シャク
蜷	U+8737	14	ケン・ゲン・にな
蜻	U+873B	14	セイ・ショウ・ジョウ
蜿	U+873F	14	エン・ワン・オン
蝌	U+874C	15	カ
蝎	U+874E	15	カツ・ケツ・さそり・きくいむし
蝓	U+8753	15	ユ・ユウ
蝗	U+8757	15	コウ・エイ・オウ・ギョウ・ヨウ・いなご
蝙	U+8759	15	ヘン
蝟	U+875F	15	イ・はりねずみ
蝠	U+8760	15	フク・まむし
蝣	U+8763	15	ユウ・ユ・リュウ・ル
蝨	U+8768	15	シツ・シチ・しらみ
蝪	U+876A	15	トウ・ドウ
蝮	U+876E	15	フク・ホク・ボク・まむし
蝴	U+8774	15	コ・ゴ
蝸	U+8778	15	カ・カイ・ケ・ラ・かたつむり
螂	U+8782	16	ロウ
螟	U+879F	16	メイ・ミョウ・ずいむし
螢	U+87A2	16	ケイ・ギョウ・エイ・ヨウ・ほたる
螫	U+87AB	17	セキ・シャク・カク・シャ・さす
螯	U+87AF	17	ゴウ・はさみ
螳	U+87B3	17	トウ・ドウ
螻	U+87BB	17	ロウ・ル・けら
螽	U+87BD	17	シュウ・いなご
蟀	U+87C0	17	シュツ・シュチ
蟄	U+87C4	17	チツ・チュウ・シュウ・ジュウ・かくれる
蟆	U+87C6	16	バ・マ・メ・バク・マク・ひき
蟇	U+87C7	16	マ・バ・ひき
蟋	U+87CB	17	シツ・シチ
蟐	U+87D0	17	
蟒	U+87D2	15	ボウ・モウ・ミョウ・うわばみ・おろち
蟠	U+87E0	18	ハン・バン・ボン・ハ・バ・わだかまる・わらじむし
蟯	U+87EF	18	ギョウ・ジョウ・ヨウ・ニョウ
蟲	U+87F2	18	チュウ・ジュ・トウ・ズ・むし
蟶	U+87F6	19	テイ・チョウ・まて
蟷	U+87F7	19	トウ
蟾	U+87FE	19	セン
蠅	U+8805	19	ヨウ・はえ
蠍	U+880D	19	カツ・ケツ・コチ・さそり
蠎	U+880E	17	モウ・ボウ・うわばみ・おろち
蠏	U+880F	19	カイ・かに
蠑	U+8811	20	エイ・ヨウ
蠕	U+8815	20	ゼン・ジュ・ジュン・ネン・ニュ・ニン
蠖	U+8816	19	カク・ワク
蠡	U+8821	21	レイ・リ・ライ・ラ・にな・ひさご
蠢	U+8822	21	シュン・うごめく
蠣	U+8823	20	レイ・ライ・かき
蠧	U+8827	22	ト・きくいむし
蠱	U+8831	23	コ・ヤ・ク
蠶	U+8836	26	サン・ザン・かいこ
蠹	U+8839	24	ト・ツ・きくいむし
蠻	U+883B	25	バン・マン・えびす
衂	U+8842	9	ジク・ニク・はなぢ
衄	U+8844	10	ジク・ニク・はなぢ
衍	U+884D	9	エン・あまり・はびこる
衒	U+8852	11	ゲン・ケン・てらう
衙	U+8859	13	ガ・ギョ・ゴ・ゲ
衞	U+885E	16	エイ・エ・エツ・エチ・まもる
衢	U+8862	24	ク・グ・みち
衫	U+886B	8	サン
衲	U+8872	9	ドウ・ノウ・ゼイ・ネ・ころも
衵	U+8875	9	ジツ・ニチ・あこめ
衽	U+887D	9	ジン・ニン・おくみ
衾	U+887E	10	キン・コン・ふすま
袁	U+8881	10	エン・オン
袂	U+8882	9	ベイ・メイ・ゼイ・ネ・ゲイ・ケツ・ケチ・たもと・そで
袍	U+888D	10	ホウ・ボウ・わたいれ・ほう
袒	U+8892	10	タン・ダン・デン・かたぬぐ
袗	U+8897	10	シン
袙	U+8899	10	バツ・ハ・メチ・あこめ
袞	U+889E	11	コン
袢	U+88A2	10	ハン・ボン
袤	U+88A4	11	モウ・ボウ・モ・ム
袮	U+88AE	10	
袰	U+88B0	11	ほろ
袱	U+88B1	11	フク・ブク・ふくさ
袵	U+88B5	11	ジン・おくみ
袿	U+88BF	11	ケイ・ケ・キ・うちかけ・うちぎ
裃	U+88C3	11	かみしも
裄	U+88C4	11	ゆき
裔	U+88D4	13	エイ・エツ・エチ・すそ・すえ
裘	U+88D8	13	キュウ・グ・キク・ゴク・かわごろも
裙	U+88D9	12	クン・グン・も・もすそ
裝	U+88DD	13	ソウ・ショウ・よそおう
裨	U+88E8	13	ヒ・ビ・おぎなう・たすける
裲	U+88F2	13	リョウ
裴	U+88F4	14	ハイ・ベ・ヒ・ビ
裹	U+88F9	14	カ・つつむ
裼	U+88FC	13	セキ・テイ・タイ・シャク・はだぬぐ
褂	U+8902	13	カイ・ケ・うちかけ
褄	U+8904	13	つま
褊	U+890A	14	ヘン・ベン・せまい
褌	U+890C	14	コン・ふんどし
褓	U+8913	14	ホウ・ホ・むつき
褝	U+891D	14	タン
褞	U+891E	15	オン・ウン・ぬのこ
褥	U+8925	15	ジョク・ニク・しとね
褪	U+892A	15	タイ・トン・あせる・ぬぐ
褫	U+892B	15	チ・ジ・イ・うばう
褶	U+8936	16	シュウ・チョウ・ジョウ・ジュウ・かさねる
褸	U+8938	16	ル・ロウ
褻	U+893B	17	セツ・ダイ・ナイ・ケ・セチ・けがれる・なれる・け
襁	U+8941	16	キョウ・コウ・むつき
襃	U+8943	17	ホウ・ブ・ほめる
襄	U+8944	17	ジョウ・ショウ・ソウ・ニョウ・はらう
襌	U+894C	17	タン・ひとえ
襍	U+894D	17	ソウ・ザツ・まじる
襞	U+895E	19	ヘキ・ヒャク・ひだ
襠	U+8960	18	トウ・まち
襤	U+8964	19	ラン・ぼろ
襦	U+8966	19	ジュ・ニュ・シュ・はだぎ
襪	U+896A	19	ベツ・バツ・マチ
襭	U+896D	20	ケツ・ゲチ・つまばさむ
襯	U+896F	21	シン・はだぎ
襴	U+8974	22	ラン
襷	U+8977	22	たすき
襾	U+897E	6	ア・カ・ケ・かなめがしら
覃	U+8983	12	タン・ドン・エン・シン
覈	U+8988	19	カク・ケツ・ギャク・ゲチ・ゴチ・キョウ・しらべる
覊	U+898A	25	キ・おもがい
覓	U+8993	11	ベキ・ミャク・もとめる
覘	U+8998	12	テン・タン・トン・うかがう・のぞく
覡	U+89A1	14	ケキ・ゲキ・ギャク・カク・かんなぎ・みこ
覦	U+89A6	16	ユ・シュ・ジュ・ねがう
覩	U+89A9	16	ト・ツ・みる
覬	U+89AC	17	キ・のぞむ
覯	U+89AF	17	コウ・カク・ク・あう
覲	U+89B2	18	キン・ゴン・まみえる
覺	U+89BA	20	コウ・キョウ・カク・おぼえる
覽	U+89BD	21	ラン・みる
覿	U+89BF	22	テキ・トク・あう
觀	U+89C0	24	カン・みる
觚	U+89DA	13	コ・ク・さかずき
觜	U+89DC	12	シ・スイ・くちばし
觝	U+89DD	12	テイ・タイ・シ・ふれる
觧	U+89E7	13	カイ・とく
觴	U+89F4	18	ショウ・さかずき
觸	U+89F8	20	ショク・ソク・シュ・ふれる
訃	U+8A03	9	フ・しらせ
訌	U+8A0C	10	コウ・グ・ゴウ
訐	U+8A10	10	コチ・ケチ・カイ・ケ・ケイ・ケツ・あばく
訖	U+8A16	10	キツ・コチ・おえる・おわる・ついに
訛	U+8A1B	11	カ・ガ・なまる・あやまる・なまり
訝	U+8A1D	12	ガ・ゲ・いぶかる
訥	U+8A25	11	トツ・ドツ・タチ・タツ・ナチ・どもる
訶	U+8A36	12	カ・しかる
詁	U+8A41	12	コ・ク・よみ
詆	U+8A46	12	テイ・タイ・ダイ・テキ・チャク・そしる
詈	U+8A48	12	リ・ののしる
詒	U+8A52	12	タイ・イ・ダイ・あざむく
詛	U+8A5B	12	ソ・ショ・シュ・のろう
詢	U+8A62	13	ジュン・シュン・はかる・とう・まこと
詬	U+8A6C	13	コウ・ク・ゴ・はじ・はずかしめる
詭	U+8A6D	13	キ・いつわる
詼	U+8A7C	13	カイ・たわむれ
誂	U+8A82	13	チョウ・ジョウ・あつらえ・あつらえる・いどむ
誄	U+8A84	13	ルイ・しのびごと
誅	U+8A85	13	チュウ・チュ・ころす・せめる
誑	U+8A91	14	キョウ・コウ・たぶらかす・たらす
誚	U+8A9A	14	ショウ・ジョウ・せめる
誡	U+8AA1	14	カイ・いましめる・いましめ
誣	U+8AA3	14	フ・ブ・ム・しいる
誥	U+8AA5	14	コウ・コク・つげる
誦	U+8AA6	14	ショウ・ジュ・ズ・となえる・よむ
誨	U+8AA8	14	カイ・ケ・おしえる・おしえ
諂	U+8AC2	15	テン・エン・へつらう・おもねる
諄	U+8AC4	15	ジュン・シュン・ねんごろ・くどい
諍	U+8ACD	15	ソウ・ショウ・あらそう・いさかう・いさめる・うったえる
諚	U+8ADA	15	ジョウ・ヘン
諛	U+8ADB	15	ユ・へつらい・へつらう
諞	U+8ADE	16	ヘン・ベン
諠	U+8AE0	16	ケン・カン・かまびすしい・わすれる
諡	U+8AE1	16	シ・イ・ジ・おくりな
諢	U+8AE2	16	コン・ゴン
諤	U+8AE4	16	ガク
諧	U+8AE7	16	カイ・ガイ・かなう・やわらぐ・ととのう
諫	U+8AEB	16	カン・ケン・ラン・いさめ・いさめる
諱	U+8AF1	17	キ・いみな・いむ
諳	U+8AF3	16	アン・オン・トウ・ツ・そらんじる
諷	U+8AF7	16	フウ・フ・そらんじる
謇	U+8B07	17	ケン・コン・どもる
謌	U+8B0C	17	カ・うた・うたう
謐	U+8B10	17	ヒツ・ビツ・ミチ・しずか
謔	U+8B14	16	ギャク・カク・キャク・たわむれる
謖	U+8B16	17	ショク・シュク・たつ
謗	U+8B17	17	ボウ・ホウ・そしる
謚	U+8B1A	17	シ・ヤク・キャク・エキ・ケキ・おくりな
謠	U+8B20	17	ヨウ・うたう
謦	U+8B26	18	ケイ・キョウ・しわぶき
謨	U+8B28	17	ボ・モ・バク・マク・はかる
謫	U+8B2B	18	タク・チャク・サク・シャク・テキ・せめる
謳	U+8B33	18	オウ・ウ・ク・うたう
謾	U+8B3E	18	マン・ベン・メン・バン・あざむく・あなどる
譁	U+8B41	17	カ・ガ・ケ・ゲ・かまびすしい
證	U+8B49	19	ショウ・あかし
譌	U+8B4C	19	カ・キ・ガ・ゲ・なまり
譎	U+8B4E	19	ケツ・ケチ・キツ・いつわり・いつわる
譏	U+8B4F	19	キ・そしる
譖	U+8B56	19	シン・セン・そしる
譚	U+8B5A	19	タン・ダン・はなし
譛	U+8B5B	19	シン・そしる
譟	U+8B5F	20	ソウ・さわぐ
譫	U+8B6B	20	セン・トウ・ドウ・ソウ・ショウ・たわごと
譬	U+8B6C	20	ヒ・たとえ・たとえる
譯	U+8B6F	20	エキ・ヤク・わけ
譱	U+8B71	20	ゼン・よい
譴	U+8B74	21	ケン・せめる
譽	U+8B7D	21	ヨ・ほまれ
讀	U+8B80	22	トク・ドク・トウ・ズ・よむ
變	U+8B8A	23	ヘン・ベン・かわる
讌	U+8B8C	23	エン
讎	U+8B8E	23	シュウ・ジュ・あだ・むくいる
讒	U+8B92	24	ザン・サン・ゼン・そしる
讓	U+8B93	24	ジョウ・ニョウ・ゆずる
讖	U+8B96	24	シン・サン
讙	U+8B99	24	カン・ケン・かまびすしい
讚	U+8B9A	26	サン・ほめる
谺	U+8C3A	12	カ・ケ・こだま
谿	U+8C3F	17	ケイ・ゲイ・たにがわ・たに
豁	U+8C41	17	カツ・カチ・ひらける・ひろい
豈	U+8C48	10	ガイ・キ・ケ・カイ・あに
豌	U+8C4C	15	エン・ワン
豎	U+8C4E	15	ジュ・シュ・たつ・たて
豐	U+8C50	18	フウ・フ・ホウ・ゆたか
豕	U+8C55	7	シ・カイ・ガイ・いのこ
豢	U+8C62	13	カン・ケン・ゲン・ガン・やしなう
豫	U+8C6B	16	ヨ・シャ・ショ・あらかじめ
豬	U+8C6C	16	チョ・シャ・いのしし
豸	U+8C78	7	タイ・チ・ジ・ダイ・むじな
豺	U+8C7A	10	サイ・ザイ・やまいぬ
豼	U+8C7C	11	ヒ
貂	U+8C82	12	チョウ・てん
貅	U+8C85	13	キュウ・ク
貉	U+8C89	13	バク・ハク・カク・ミャク・マク・バ・メ・ガク・むじな
貊	U+8C8A	13	ハク・バク・ミャク・バツ・メチ・えびす
貍	U+8C8D	14	リ・たぬき
貎	U+8C8E	15	ゲイ
貔	U+8C94	17	ヒ・ビ
貘	U+8C98	17	バク・ミャク
貪	U+8CAA	11	タン・トン・ドン・むさぼる
貭	U+8CAD	11	シツ
貮	U+8CAE	11	ニ・ジ・ふたつ
貲	U+8CB2	12	シ
貳	U+8CB3	12	ジ・ニ・ふたつ
貶	U+8CB6	12	ヘン・ハン・ホン・ホウ・ボウ・おとしめる・おとす
貽	U+8CBD	12	イ・タイ・おくる
賁	U+8CC1	12	ヒ・ホン
賈	U+8CC8	13	カ・コ・ク・ケ・あきない・あきなう・うる・かう
賍	U+8CCD	13	ゾウ・ソウ・かくす
賚	U+8CDA	15	ライ・リ・たまう・たまもの
賣	U+8CE3	15	バイ・メ・バ・マイ・うる
賤	U+8CE4	15	セン・ゼン・いやしい・しず
賺	U+8CFA	17	タン・デン・レン・すかす
賻	U+8CFB	17	フ・ブ
賽	U+8CFD	17	サイ
贄	U+8D04	18	シ・ゲチ・ゲツ・チュウ・にえ
贅	U+8D05	18	ゼイ・ギョウ・セイ・ゴウ・いぼ
贇	U+8D07	19	イン
贊	U+8D0A	19	サン・たすける
贍	U+8D0D	20	セン・ゼン・たす・たりる
贏	U+8D0F	20	エイ・ヨウ・あまり・かつ
贐	U+8D10	21	ジン・シン・はなむけ
贓	U+8D13	21	ゾウ・ソウ
贔	U+8D14	21	ヒ・ビ
贖	U+8D16	22	ショク・ゾク・シュ・ジュ・あがなう
赧	U+8D67	12	タン・ダン・あからめる
赭	U+8D6D	16	シャ・あかつち・あか
赱	U+8D71	6	ソウ・はしる
赳	U+8D73	10	キュウ
趁	U+8D81	12	チン・デン・ネン・シン・おう
趙	U+8D99	14	チョウ・ジョウ・キョウ
趺	U+8DBA	11	フ・あし
趾	U+8DBE	11	シ・あし・あと・もと
跂	U+8DC2	11	キ・ギ・シ・リ・ゲキ・ケキ・むつゆび
跋	U+8DCB	12	ハツ・バツ・バチ・ハイ・ふむ・おくがき
跌	U+8DCC	12	テツ・デチ・ドチ・トツ・つまずく・あやまつ
跏	U+8DCF	12	カ・ケ
跖	U+8DD6	12	セキ・シャク・あしのうら
跚	U+8DDA	12	サン
跛	U+8DDB	12	ハ・ヒ・あしなえ・ちんば・びっこ
跟	U+8DDF	13	コン・くびす
跣	U+8DE3	13	セン・ソン・はだし
跪	U+8DEA	13	キ・ギ・ひざまづく・ひざまずく
跫	U+8DEB	13	キョウ・ク・コク・コウ・キョク・あしおと
跼	U+8DFC	14	キョク・ゴク・ク・グ・せぐくまる
跿	U+8DFF	14	ト・ズ
踈	U+8E08	14	ソ
踉	U+8E09	14	ロウ・リョウ
踐	U+8E10	15	セン・ゼン・ふむ
踝	U+8E1D	15	カ・ゲ・くるぶし
踞	U+8E1E	15	キョ・コ・うずくまる
踟	U+8E1F	15	チ・ジ
踪	U+8E2A	15	ソウ
踰	U+8E30	16	ユ・ヨウ・チュ・こえる
踴	U+8E34	16	ヨウ・おどる
踵	U+8E35	16	ショウ・シュ・くびす・つぐ・かかと
蹂	U+8E42	16	ジュウ・ニュ・ニュウ・ふむ
蹇	U+8E47	17	ケン・コン・あしなえ・なやむ
蹈	U+8E48	17	トウ・ドウ・ふむ
蹉	U+8E49	17	サ・シ・つまずく
蹊	U+8E4A	17	ケイ・ゲイ・まつ
蹌	U+8E4C	17	ソウ・ショウ
蹐	U+8E50	17	セキ・シャク
蹕	U+8E55	18	ヒツ・ヒチ・ヒ・ビ・さきばらい
蹙	U+8E59	18	シュク・セキ・シャク・せまる
蹠	U+8E60	18	セキ・シャク・ショ・あしのうら
蹣	U+8E63	18	マン・ハン・バン
蹤	U+8E64	18	ショウ・シュ・あと
蹲	U+8E72	19	ソン・シュン・サン・ザン・うずくまる・つくばう
蹶	U+8E76	19	ケイ・ケツ・カチ・ケチ・ケ・つまずく・たおれる
蹼	U+8E7C	19	ボク・ホク・みずかき
躁	U+8E81	20	ソウ・さわぐ・さわがしい
躄	U+8E84	20	ヘキ・ヒャク・ビャク・いざり
躅	U+8E85	20	チョク・タク・ジク・ジョク
躇	U+8E87	19	チャク・チョ・ジョ・ためらう
躊	U+8E8A	21	チュウ・ジュ・ためらう
躋	U+8E8B	21	セイ・サイ・のぼる
躑	U+8E91	22	テキ
躓	U+8E93	22	チ・シツ・シチ・つまずく
躔	U+8E94	22	テン・デン・ふむ
躙	U+8E99	23	リン・にじむ・ふむ
躡	U+8EA1	25	ジョウ・ニョウ・ふむ
躪	U+8EAA	26	リン・ふむ
躬	U+8EAC	10	キュウ・ク・み
躰	U+8EB0	12	タイ・からだ
躱	U+8EB1	13	タ・かわす
躾	U+8EBE	16	しつけ・しつける
軅	U+8EC5	19	たか
軆	U+8EC6	20	タイ
軈	U+8EC8	24	やがて
軋	U+8ECB	8	アツ・エチ・アン・エン・きしる
軛	U+8EDB	11	ヤク・アク・くびき
軣	U+8EE3	11	ゴウ・とどろく
軫	U+8EEB	12	シン・よこぎ
軻	U+8EFB	12	カ
軼	U+8EFC	12	イツ・テツ・イチ・デチ・すぎる
軾	U+8EFE	13	ショク・シキ・しきみ
輅	U+8F05	13	ロ・ル・ガ・ラク・カク・ギャク・ゲ
輊	U+8F0A	13	チ
輌	U+8F0C	13	リョウ
輒	U+8F12	14	チョウ・すなわち
輓	U+8F13	14	バン・マン・ひく
輕	U+8F15	14	ケイ・キョウ・かるい
輙	U+8F19	15	チョウ・すなわち
輛	U+8F1B	15	リョウ
輜	U+8F1C	15	シ
輟	U+8F1F	15	テツ・テチ・テイ・テ・やめる
輦	U+8F26	15	レン・てぐるま・たごし
輳	U+8F33	16	ソウ・ス・あつまる
輹	U+8F39	16	フク・ブク
輻	U+8F3B	16	フク・フ・フウ・や
輾	U+8F3E	17	テン・デン・ネン・きしる
轂	U+8F42	17	コク・こしき
轅	U+8F45	17	エン・オン・ながえ
轆	U+8F46	18	ロク
轉	U+8F49	18	テン・セン・ころがる
轌	U+8F4C	18	そり
轎	U+8F4E	19	キョウ
轗	U+8F57	20	カン・コン
轜	U+8F5C	21	ジ・ニ
轢	U+8F62	22	レキ・リャク・ラク・ラツ・ラチ・きしる・ひく
轣	U+8F63	23	レキ・リャク
轤	U+8F64	23	ロ
辜	U+8F9C	12	コ・ク・つみ
辟	U+8F9F	13	ヒ・ヘキ・ビャク・ビ・ハク・ヒャク・ヘイ・ミ・きみ・ひらく・めす
辣	U+8FA3	14	ラツ・からい
辧	U+8FA7	16	ベン・わける
辨	U+8FA8	16	ベン・ハン・ヘン・わきまえる・わける
辭	U+8FAD	19	ジ・シ・やめる
辮	U+8FAE	20	ベン・ヘン・あむ
辯	U+8FAF	21	ヘン・ベン・ヘツ・ヘチ・ハン・わける
辷	U+8FB7	5	すべる
迚	U+8FDA	8	とて・とても
迢	U+8FE2	9	チョウ・ジョウ
迥	U+8FE5	9	ケイ・ギョウ・キョウ・はるか
迪	U+8FEA	8	テキ・トク・みち
迯	U+8FEF	9	トウ・にげる
迴	U+8FF4	10	エ・カイ
迸	U+8FF8	10	ホウ・はしる・ほとばしる
迹	U+8FF9	10	セキ・シャク・あと
迺	U+8FFA	10	ダイ・ナイ・すなわち・の
逅	U+9005	10	コウ・コ・ゴ・あう・まみえる
逋	U+900B	11	ホ・フ・のがれる
逍	U+900D	11	ショウ
逎	U+900E	11	シュウ・せまる
逑	U+9011	11	キュウ・グ・ジュツ・つれあい・のべる
逕	U+9015	11	ケイ・キョウ・こみち
逖	U+9016	11	テキ・チャク・とおい
逞	U+901E	11	テイ・たくましい
逡	U+9021	11	シュン・しりぞく
逧	U+9027	11	さこ・せこ
逵	U+9035	12	キ・ギ・おおじ
逶	U+9036	12	イ
逹	U+9039	12	タツ・ダチ・タチ・とおる・とどく
逾	U+903E	13	ユ・トウ・ツ・いよいよ・こえる
遉	U+9049	13	テイ・チョウ・うかがう・さすが・さすがに
遏	U+904F	13	アツ・アチ・カツ・カチ・とどめる・とめる
遐	U+9050	13	カ・ゲ・とおい・なんぞ
遑	U+9051	13	コウ・オウ・いとま・ひま
遒	U+9052	13	シュウ・ジュ・せまる・つよい
遖	U+9056	13	あっぱれ
遘	U+9058	14	コウ・ク・あう
遙	U+9059	14	ヨウ・はるか
遞	U+905E	14	テイ・たがいに
遨	U+9068	15	ゴウ・あそぶ
遯	U+906F	15	トン・ドン・のがれる
遲	U+9072	16	チ・ジ・おそい
遶	U+9076	16	ジョウ・ニョウ・ショウ・ノウ・めぐる
遽	U+907D	17	キョ・あわただしい・にわか・すみやか
邀	U+9080	17	ヨウ・キョウ・むかえる・もとめる
邁	U+9081	16	マイ・バイ・ゆく
邂	U+9082	17	カイ・ゲ・あう
邃	U+9083	18	スイ・ふかい・おくぶかい
邇	U+9087	18	ジ・ニ
邉	U+9089	17	ヘン・あたり・べ・ほとり
邊	U+908A	19	ヘン・あたり
邏	U+908F	23	ラ・めぐる
邨	U+90A8	7	ソン・トン・ドン・チュン・むら
邯	U+90AF	8	カン・ガン
邱	U+90B1	8	キュウ・ク・おか
邵	U+90B5	8	ショウ
郛	U+90DB	10	フ・フウ・くるわ
郢	U+90E2	10	エイ・ヨウ
郤	U+90E4	10	ケキ・ゲキ・キャク
鄂	U+9102	12	ガク
鄒	U+9112	13	スウ・シュ・シュウ・ジュ
鄙	U+9119	14	ヒ・いやしい・ひな・いやしむ
鄰	U+9130	15	リン・となり
鄲	U+9132	15	タン・タ
酊	U+914A	9	テイ・チョウ・よう
酖	U+9156	11	タン・チン・トン・ジン・ふける
酘	U+9158	11	トウ・ズ
酣	U+9163	12	カン・ガン・コン・たけなわ
酥	U+9165	12	ソ
酩	U+9169	13	メイ・ベイ・ミョウ・よう
酲	U+9172	14	テイ・ジョウ
酳	U+9173	14	イン・シン・ジン
醂	U+9182	15	リン・ラン
醉	U+9189	15	スイ・よう
醋	U+918B	15	サク・ザク・ソ・す
醢	U+91A2	17	カイ・しおから・ししびしお
醪	U+91AA	18	ロウ・にごりざけ
醫	U+91AB	18	イ・エイ・いやす
醯	U+91AF	19	ケイ・す
醴	U+91B4	20	レイ・ライ・リ・あまざけ
醵	U+91B5	20	キョ・キャク・ゴ・ガク
醺	U+91BA	21	クン・よう
釀	U+91C0	24	ジョウ・ニョウ・かもす
釁	U+91C1	25	キン・すき・ちぬる
釉	U+91C9	12	ユウ・ユ・うわぐすり
釋	U+91CB	20	セキ・シャク・ヤク・エキ・とく
釐	U+91D0	18	リ・キ・ライ・タイ・りん・おさめる・さいわい
釖	U+91D6	10	トウ・かたな
釛	U+91DB	10	コク・ゴク
釟	U+91DF	10	ハツ・ヘチ
釡	U+91E1	10	フ・かま
釵	U+91F5	11	サイ・かんざし
釶	U+91F6	11	シ
釼	U+91FC	11	ジツ・ニチ・ケン・つるぎ
釿	U+91FF	12	キン・ギン・コン・ゴン・ておの
鈑	U+9211	12	ハン
鈔	U+9214	12	ショウ・ソウ
鈕	U+9215	12	チュウ・ジュウ・ニュ・チュ・つまみ・ぼたん
鈞	U+921E	12	キン・ひとしい・ろくろ
鈩	U+9229	12	ロ・いろり
鈬	U+922C	12	タク・すず
鈿	U+923F	13	テン・デン・かんざし
鉅	U+9245	13	キョ・ゴ・はがね
鉈	U+9248	13	シャ・ジャ・シ・タ・なた・ほこ
鉉	U+9249	13	ゲン・キョウ・ケン・ケイ・カン・つる
鉋	U+924B	13	ホウ・ビョウ・バク・ハク・かんな
鉐	U+9250	13	セキ・ジャク・ソク
鉗	U+9257	13	カン・ケン・ゲン・ガン・くびかせ
鉚	U+925A	13	リュウ・ル
鉞	U+925E	13	エツ・ケ・オチ・カイ・まさかり
鉤	U+9264	13	グ・コウ・ク・かぎ・かける
銓	U+9293	14	セン・はかり・はかる
銕	U+9295	14	テツ・テチ・テイ・ダイ・イ・くろがね
銖	U+9296	14	シュ・ジュ
銛	U+929B	14	セン・ゼン・カチ・テン・カツ・すき・もり
銜	U+929C	14	ガン・カン・くつわ
銷	U+92B7	15	ショウ・けす・とける
銹	U+92B9	15	シュ・シュウ・さび
鋏	U+92CF	15	キョウ・はさみ
鋩	U+92E9	14	モウ・ボウ
鋺	U+92FA	16	エン・オン・かなまり
錏	U+930F	16	ア・しころ
錙	U+9319	16	シ
錚	U+931A	16	ソウ・ショウ
錢	U+9322	16	セン・ゼン・ぜに
錣	U+9323	16	タチ・テ・テイ・タツ・テツ・テチ・しころ
錮	U+932E	16	コ・ふさぐ
錵	U+9335	15	カ・にえ
錺	U+933A	15	かざり
錻	U+933B	16	ブ・ブリキ
鍄	U+9344	16	キョウ・かすがい
鍖	U+9356	17	チン
鍜	U+935C	17	カ・ゲ
鍠	U+9360	17	コウ・オウ
鍮	U+936E	17	チュウ・ツ・トウ
鍼	U+937C	17	シン・ケン・ゲン・カン・はり・さす
鎔	U+9394	18	ヨウ・ユ・いがた・とける
鎬	U+93AC	18	コウ・ゴウ・しのぎ・なべ
鎭	U+93AD	18	チン・テン・デン・しずめる
鎰	U+93B0	18	イツ・イチ・かぎ
鎹	U+93B9	18	かすがい
鏃	U+93C3	19	ゾク・ソク・ソウ・シュ・サク・やじり
鏈	U+93C8	19	レン・テン・くさり
鏐	U+93D0	19	リュウ・ル・グ・キュウ・リョウ
鏖	U+93D6	19	オウ・ヒョウ・みなごろし
鏗	U+93D7	19	コウ・キョウ
鏘	U+93D8	19	ショウ・ソウ
鏝	U+93DD	19	マン・バン・こて
鏤	U+93E4	19	ル・ロウ・ちりばめる・える
鏥	U+93E5	19	シュウ
鏨	U+93E8	19	サン・ザン・セン・ゼン・たがね
鐃	U+9403	20	ドウ・ニョウ・ジョウ・どら
鐇	U+9407	20	ハン・ボン
鐐	U+9410	20	リョウ・ロウ・あしかせ
鐓	U+9413	20	タイ・タン・トン
鐔	U+9414	20	シン・ジン・イン・タン・ドン・タク・ダク・つば
鐚	U+941A	20	ア・びた
鐡	U+9421	20	テツ・くろがね
鐫	U+942B	21	セン・える・のみ・ほる
鐵	U+9435	21	テツ・テチ・デチ・くろがね
鐶	U+9436	21	カン・ゲン・セン・ゼン・わ
鐺	U+943A	21	トウ・ソウ・ショウ・こじり・こて・なべ
鑁	U+9441	21	バン
鑄	U+9444	22	シュ・シュク・シュウ・チュウ・いる
鑒	U+9452	22	カン・かがみ
鑚	U+945A	23	サン・きり
鑛	U+945B	23	コウ・あらがね
鑞	U+945E	23	ロウ
鑠	U+9460	23	シャク・ヤク・レキ・リャク・とかす
鑢	U+9462	23	リョ・ロ・やすり
鑪	U+946A	24	ロ・ル・いろり
鑰	U+9470	25	ヤク・かぎ
鑵	U+9475	25	カン・かま
鑷	U+9477	26	ジョウ・ニョウ・けぬき
鑼	U+947C	27	ラ・どら
鑽	U+947D	27	サン・きり・きる
鑾	U+947E	27	ラン・すず
鑿	U+947F	28	サク・ソウ・ソク・ゾウ・ザク・ゾク・うがつ・のみ
钁	U+9481	28	カク・キャク
閂	U+9582	9	サン・セン・かんぬき
閇	U+9587	11	ヘイ・とじる
閊	U+958A	11	つかえる
閔	U+9594	12	ビン・あわれむ
閖	U+9596	12	ゆる・ゆり・ゆれる
閘	U+9598	13	コウ・オウ・ひのくち
閙	U+9599	13	ドウ・さわがしい
閠	U+95A0	13	
閧	U+95A7	14	コウ・ゴウ・とき
閨	U+95A8	14	ケイ・ケ・ねや
閭	U+95AD	15	リョ・ロ
閹	U+95B9	16	エン
閻	U+95BB	16	エン・セン・ゼン
閼	U+95BC	16	ア・エン・ヨ・アツ・エツ・オ・とどめる・ふさぐ
閾	U+95BE	16	イキ・ヨク・キョク・ケキ・しきい・しきみ
闃	U+95C3	17	ケキ・ゲキ・カク・キャク・ギャク・しずか
闊	U+95CA	17	カツ・カチ・ひろい
闌	U+95CC	17	ラン・たけなわ・てすり・さえぎる・たける
闍	U+95CD	17	ジャ・ト・シャ・ツ
闔	U+95D4	18	コウ・ゴウ・とびら・とじる
闕	U+95D5	18	ケツ・カチ・かける
闖	U+95D6	18	チン・うかがう
關	U+95DC	19	カン・ワン・せき
闡	U+95E1	20	セン・ひらく
闢	U+95E2	21	ヘキ・ビャク・ヒャク・ひらく
闥	U+95E5	21	タツ・タチ
阡	U+9621	6	セン
阨	U+9628	7	アイ・ヤク・アク・せまい・ふさがる・ふさぐ
阮	U+962E	7	ゲン・ガン
阯	U+962F	7	シ・あと
陂	U+9642	8	ヒ・ハ・ビ
陋	U+964B	9	ロウ・ロ・ル・いやしい・せまい
陌	U+964C	9	ハク・バク・ミャク・みち・まち
陏	U+964F	9	タ・スイ・ダ・ズイ
陜	U+965C	10	キョウ・コウ・ギョウ
陝	U+965D	10	セン
陞	U+965E	10	ショウ・のぼる
陟	U+965F	10	チョク・チキ・トク・のぼる
陦	U+9666	10	トウ・しま
陬	U+966C	11	スウ・ソウ・シュウ・シュ・すみ
陲	U+9672	11	スイ・ズイ・ほとり
陷	U+9677	11	ゲン・カン・おちいる
隋	U+968B	12	ズイ・タ・ダ・キ・スイ
隍	U+968D	12	コウ・ヨウ・オウ・エイ・ほり
隕	U+9695	13	イン・ウン・エン・おちる
隗	U+9697	13	カイ・ゲ・ガイ・キ・けわしい
隘	U+9698	13	アイ・ア・アク・ヤク・せまい
隧	U+96A7	16	スイ・ズイ・ツイ・ヅイ・タイ・デ・みち
隨	U+96A8	16	スイ・ズイ・したがう
險	U+96AA	16	ケン・サン・ガン・けわしい
隰	U+96B0	17	シツ・シュウ・ジュウ・さわ
隱	U+96B1	17	オン・イン・かくれる
隲	U+96B2	17	シツ・のぼる
隴	U+96B4	19	ロウ・リョウ・リュ・おか
隶	U+96B6	8	タイ・イ・シ・ジ・テイ・ダイ・れいづくり
隸	U+96B8	17	レイ・ライ・リ・レツ・レチ・しもべ
隹	U+96B9	8	サイ・スイ・シ・セ・ふるとり・とり
雉	U+96C9	13	チ・イ・カイ・シ・ジ・きじ
雋	U+96CB	13	シュン・セン・スイ・シン・すぐれる
雍	U+96CD	13	ヨウ・ユ・ふさぐ・やわらぐ
雎	U+96CE	13	ショ
雕	U+96D5	16	チョウ・きざむ・わし
雖	U+96D6	17	スイ・ユイ・イ・いえども・これ
雙	U+96D9	18	ソウ・ふたつ
雜	U+96DC	18	ソウ・ゾウ・ザツ・まじる
雹	U+96F9	13	ハク・ホク・バク・ボク・ひょう
霄	U+9704	15	ショウ・そら
霆	U+9706	15	テイ・ジョウ・チョウ・いかづち・いかずち
霈	U+9708	15	ハイ
霍	U+970D	16	カク・ガク・ラク・にわか
霎	U+970E	16	ショウ・ソウ
霏	U+970F	16	ヒ・もや
霑	U+9711	16	テン・セン・うるおい・うるおう
霓	U+9713	16	ゲイ・ゲツ・ゲチ・ゲキ・ギャク・にじ
霖	U+9716	16	リン・ながあめ
霙	U+9719	16	エイ・オウ・ヨウ・みぞれ
霤	U+9724	18	リュウ・あまだれ
霪	U+972A	19	イン
霰	U+9730	20	セン・サン・あられ
霸	U+9738	21	ハク・ヒャク・ヘ・ハ・はたがしら
霹	U+9739	21	ヘキ・ヒャク
霽	U+973D	22	セイ・サイ・ザイ・はれる
霾	U+973E	22	バイ・マイ・メ
靂	U+9742	24	レキ・リャク
靄	U+9744	24	アイ・アツ・アチ・もや
靆	U+9746	24	タイ・ダイ
靈	U+9748	24	レイ・リョウ・たま
靉	U+9749	25	アイ・イ・エ
靜	U+975C	16	セイ・ジョウ・しずか
靠	U+9760	15	コウ・コク・よる・たがう
靡	U+9761	19	ビ・メ・ヒ・ミ・バ・マ・ない・なびく
靤	U+9764	14	ホウ・ビョウ
靦	U+9766	16	テン
靨	U+9768	23	ヨウ・エン・えくぼ
靫	U+976B	12	サ・サイ・セツ・シャ・サツ・サチ・セチ・うつぼ・ゆぎ
靱	U+9771	12	ジン・しなやか
靹	U+9779	13	ドウ・ノウ・とも
靺	U+977A	14	マツ・マチ・バツ
靼	U+977C	14	タン・タツ・タチ・セツ・セチ・タク・チャク・なめしがわ
鞁	U+9781	14	ヒ・ビ
鞅	U+9785	14	オウ・ヨウ・むながい
鞆	U+9786	14	とも
鞋	U+978B	15	アイ・カイ・ケ・ゲ・ケイ・わらじ
鞏	U+978F	15	キョウ・ク・かたい
鞐	U+9790	15	こはぜ
鞜	U+979C	17	トウ・くつ
鞣	U+97A3	18	ジュウ・ニュ・なめしがわ・なめす
鞦	U+97A6	18	シュウ・シュ・しりがい
鞨	U+97A8	18	カツ・ガチ・セツ・ゼチ・バツ・メチ
鞫	U+97AB	18	キク・コク
鞳	U+97B3	18	トウ
鞴	U+97B4	19	ビ・ホ・フク・ブク・ヒ・ブ・ふいご
韃	U+97C3	22	タツ・ダツ・タチ
韆	U+97C6	24	セン
韈	U+97C8	23	ベツ
韋	U+97CB	10	イ・カイ・エ・そむく・なめしがわ
韜	U+97DC	20	トウ・つつむ・ゆぶくろ
韭	U+97ED	9	キュウ・ク・にら
韲	U+97F2	19	セイ・なます
韵	U+97F5	13	イン・ひびき
韶	U+97F6	14	ショウ・ジョウ・つぐ
頌	U+980C	13	ショウ・ヨウ・ジュ・ユ・かたち・たたえる・ほめる
頏	U+980F	13	コウ・ゴウ・のど
頡	U+9821	15	キツ・ケツ・ゲチ・カツ・ケチ
頤	U+9824	15	イ・アイ・おとがい・あご
頷	U+9837	16	ガン・カン・ゴン・キン・コン・あご・うなづく・うなずく
頸	U+9838	16	ケイ・キョウ・ギョウ・くび
頽	U+983D	16	タイ・デ・タ・ダ・くずれる
顆	U+9846	17	カ・カン・つぶ
顋	U+984B	18	サイ・あご・えら・あぎと
顏	U+984F	18	ガン・ゲン・ガイ・ゲ・かお
顫	U+986B	22	セン・ふるえる
顯	U+986F	23	ケン・あきらか
顰	U+9870	24	ヒン・ヒ・ビン・ビ・しかめる・ひそめる・ひそみ
顱	U+9871	25	ロ・かしら
顳	U+9873	27	ショウ・ジョウ・ニョウ
顴	U+9874	26	カン・ケン・ゲン
颪	U+98AA	12	おろし
颯	U+98AF	14	サツ・ソウ・ロウ・ラン・ソク・リュウ
颱	U+98B1	14	タイ
颶	U+98B6	17	グ・ク
飃	U+98C3	20	ヒョウ・つむじかぜ
飄	U+98C4	20	ヒョウ・つむじかぜ
飆	U+98C6	21	ヒョウ・つむじかぜ
飜	U+98DC	21	ハン・ホン・ひるがえる
飩	U+98E9	13	ドン・トン・チュン
飫	U+98EB	13	ヨ・オ・あきる
飭	U+98ED	13	チョク・チキ・いましめる・ただす
飮	U+98EE	13	イン・オン・のむ
餃	U+9903	15	コウ・キョウ
餉	U+9909	15	ショウ・かれいい
餒	U+9912	16	ダイ・ネ・うえる
餔	U+9914	16	ホ・フ・ブ・くう・ゆうめし
餘	U+9918	16	ヨ・ヤ・あまる
餝	U+991D	16	ショク・チョク・かざる
餞	U+991E	17	セン・ゼン・はなむけ
餠	U+9920	17	ヘイ・ヒョウ・もち
餡	U+9921	17	アン・カン・コン・ガン・あん
餤	U+9924	17	タン・ダン・エン
餬	U+992C	18	コ・ゴ・かゆ
餮	U+992E	18	テツ・テチ・テン・デン
餽	U+993D	19	キ・ギ・おくる
餾	U+993E	19	リュウ
饂	U+9942	19	ウン
饅	U+9945	20	マン・バン
饉	U+9949	20	キン・ゴン・うえる
饋	U+994B	21	キ・ギ・タイ・デ・おくる
饌	U+994C	21	セン・サン・ザン・ハン・ボン・ゼン・そなえる
饐	U+9950	21	イ・エイ・エツ・エチ・イツ・イチ・すえる・むせぶ
饑	U+9951	21	キ・ケ・うえる
饒	U+9952	21	ジョウ・ニョウ・ゆたか
饕	U+9955	22	トウ・むさぼる
馗	U+9997	11	キ・ギ・キュウ・グ
馘	U+9998	17	カク・コク・ケキ・ゲキ・キャク・くびきる・みみきる
馥	U+99A5	18	フク・か・かおり・かおる
馭	U+99AD	12	ギョ・ゴ
馮	U+99AE	12	ヒョウ・フウ・ビョウ・ブ・ブン・ホウ・ヘイ・フン・たのむ・よる
馼	U+99BC	14	ブン・モン
駑	U+99D1	15	ド・ヌ・にぶい
駘	U+99D8	15	タイ・ダイ・ダデ
駛	U+99DB	15	シ・はせる・はやい
駝	U+99DD	15	ダ・タ
駟	U+99DF	15	シ・シツ・シチ
駢	U+99E2	16	ヘン・ベン・ならぶ
駭	U+99ED	16	ガイ・カイ・おどろかす・おどろく
駮	U+99EE	16	ハク・ホク・カク・まだら
駱	U+99F1	16	ラク・ロ・かわらげ
駲	U+99F2	16	
駸	U+99F8	17	シン
駻	U+99FB	17	カン・ガン
騁	U+9A01	17	テイ・チョウ・はせる
騅	U+9A05	18	スイ・あしげ
騏	U+9A0F	18	キ・ギ
騙	U+9A19	19	ヘン・かたる
騫	U+9A2B	20	ケン・コン
騷	U+9A37	20	ソウ・ショウ・さわぐ
騾	U+9A3E	21	ラ
驀	U+9A40	20	バク・ミャク・バ・メ
驂	U+9A42	21	サン・そえうま
驃	U+9A43	21	ヒョウ・ビョウ
驅	U+9A45	21	キュウ・ク・かける
驍	U+9A4D	22	ギョウ・キョウ・たけし
驕	U+9A55	22	キョウ・ク・おごる
驗	U+9A57	23	ゲン・ケン・しるし
驛	U+9A5B	23	エキ・ヤク・うまや
驟	U+9A5F	24	シュウ・ジュ・ソウ・にわか・はしる・はせる
驢	U+9A62	26	ロ・リョ・うさぎうま
驤	U+9A64	27	ジョウ・ソウ・ニョウ・ショウ・あがる
驥	U+9A65	26	キ
驩	U+9A69	27	カン・よろこぶ
驪	U+9A6A	29	リ・ライ・ジ・レイ・チ
驫	U+9A6B	30	ヒョウ・ヒュウ・ヒュ・シュウ・ジュウ・キュウ・ク
骭	U+9AAD	13	カン・ゲン
骰	U+9AB0	14	トウ・ズ・ク・コ
骼	U+9ABC	16	カク・キャク
髀	U+9AC0	18	ヒ・ミ・ヘイ・ベイ・ビ・もも
髏	U+9ACF	21	ロウ・ロ・ル
髑	U+9AD1	23	ドク・トク
髓	U+9AD3	23	スイ・ズイ
體	U+9AD4	23	テイ・タイ・からだ
髞	U+9ADE	23	ソウ・ゾウ
髟	U+9ADF	10	ヒョウ・ヒュウ・ヒュ・サン・セン・かみがしら・かみかんむり
髢	U+9AE2	13	テイ・ダイ・セキ・シャク・チ・ジ・かもじ
髣	U+9AE3	14	ホウ・ボウ
髦	U+9AE6	14	ボウ・モウ・ム・ミョウ・たれがみ
髫	U+9AEB	15	チョウ・ジョウ・うない
髮	U+9AEE	15	ハツ・ホチ・かみ
髯	U+9AEF	15	ゼン・ひげ
髱	U+9AF1	15	ホウ・ビョウ・たぼ
髴	U+9AF4	15	フツ・フチ・ブチ・ヒ
髷	U+9AF7	16	キョク・コク・まげ・わげ
髻	U+9AFB	16	ケイ・キツ・キチ・ケツ・ゲチ・みずら・もとどり・たぶさ
鬆	U+9B06	18	ショウ・ソウ・シュ・ス・す
鬘	U+9B18	21	マン・バン・かつら
鬚	U+9B1A	22	シュ・ス・ひげ
鬟	U+9B1F	23	カン・ゲン・みずら・わげ
鬢	U+9B22	24	ビン・ヒン
鬣	U+9B23	25	リョウ・ヨウ・たてがみ
鬥	U+9B25	10	トウ・カク・ツ・たたかいがまえ・とうがまえ
鬧	U+9B27	15	ドウ・トウ・ニョウ・さわがしい
鬨	U+9B28	16	グ・ゴウ・コウ・とき
鬩	U+9B29	18	ゲキ・キャク・ケキ・カク・せめぐ
鬪	U+9B2A	20	トウ・たたかう
鬮	U+9B2E	26	ク・キュウ・コウ・くじ
鬯	U+9B2F	10	チョウ
鬱	U+9B31	29	ウツ・オチ
鬲	U+9B32	10	カク・レキ・アク・リャク・キャク・ヤク・かなえ・へだてる
鬻	U+9B3B	22	シュク・ビ・ミ・イク・キク・コク・かゆ
魃	U+9B43	15	バツ・ハツ・バチ
魄	U+9B44	15	ハク・タク・ヒャク・バク・たましい
魍	U+9B4D	18	モウ・ボウ
魎	U+9B4E	18	リョウ
魏	U+9B4F	18	ギ・ゲ・ガイ・たかい
魑	U+9B51	21	チ・すだま
魘	U+9B58	24	エン・ヨウ・うなされる
魴	U+9B74	15	ホウ・ボウ
鮃	U+9B83	16	ヒョウ・ヘイ・ビョウ・ひらめ
鮑	U+9B91	16	ホウ・ビョウ・ヒョウ・あわび
鮓	U+9B93	16	サ・シャ・ジャ・すし
鮖	U+9B96	16	かじか・かじこ
鮗	U+9B97	16	このしろ
鮟	U+9B9F	17	アン
鮠	U+9BA0	17	ガイ・はや・はえ
鮨	U+9BA8	17	シ・ジ・キ・ギ・ゲイ・すし
鮴	U+9BB4	17	めばる
鮹	U+9BB9	18	ショウ・ソウ・たこ
鯀	U+9BC0	18	コン
鯆	U+9BC6	18	フ・ホ
鯊	U+9BCA	18	サ・シャ・はぜ・さめ
鯏	U+9BCF	18	あさり・うぐい
鯑	U+9BD1	18	かずのこ
鯒	U+9BD2	18	こち
鯔	U+9BD4	19	シ・ぼら
鯡	U+9BE1	19	ヒ・にしん
鯢	U+9BE2	19	ゲイ・さんしょううお
鯣	U+9BE3	19	エキ・ヤク・するめ
鯤	U+9BE4	19	コン・ゴン
鯰	U+9BF0	19	ネン・デン・なまず
鯱	U+9BF1	19	コ・しゃち・しゃちほこ
鯲	U+9BF2	19	どじょう
鰄	U+9C04	20	イ
鰆	U+9C06	20	シュン・さわら
鰈	U+9C08	20	チョウ・トウ・ショウ・ソウ・ジョウ・かれい
鰉	U+9C09	20	コウ・オウ・ひがい
鰊	U+9C0A	20	レン・にしん
鰌	U+9C0C	20	シュウ・シュ・どじょう
鰒	U+9C12	20	フク・ブク・ハク・バク・ホク・ボク・あわび・ふぐ
鰓	U+9C13	20	サイ・シ・えら・あぎと
鰔	U+9C14	20	カン・コン・ゲン・ケン
鰕	U+9C15	20	カ・ゲ・ケ・えび
鰛	U+9C1B	20	オン・いわし
鰡	U+9C21	21	リュウ
鰤	U+9C24	21	シ・ぶり
鰥	U+9C25	21	カン・ケン・コン・やもお・やもめ
鰮	U+9C2E	21	オン・いわし
鰰	U+9C30	21	はたはた
鰲	U+9C32	22	ゴウ・おおがめ
鰺	U+9C3A	22	ソウ・あじ
鰾	U+9C3E	22	ヒョウ・ビョウ・うきぶくろ・ふえ
鱆	U+9C46	22	ショウ・たこ
鱇	U+9C47	22	コウ
鱚	U+9C5A	23	きす
鱠	U+9C60	24	カイ・なます
鱧	U+9C67	24	レイ・ライ・はも
鱶	U+9C76	26	ショウ・ふか・ひもの
鱸	U+9C78	27	ロ・すずき
鳧	U+9CE7	13	フ・ブ・かも・けり
鳫	U+9CEB	13	ガン
鳬	U+9CEC	9	フ・かも
鳰	U+9CF0	13	にお
鴃	U+9D03	15	ゲキ・ケイ・ケツ・ケキ・キャク・ケチ・もず
鴆	U+9D06	15	チン・ジン・タン・ドン・トン
鴈	U+9D08	15	ガン・ゲン・かり
鴉	U+9D09	16	ア・ガ・ゲ・からす
鴒	U+9D12	16	レイ・リョウ
鴕	U+9D15	16	ダ・タ
鴟	U+9D1F	16	シ・とび
鴣	U+9D23	16	コ・ク
鴦	U+9D26	16	オウ・ヨウ
鴪	U+9D2A	16	イツ
鴾	U+9D3E	17	ボウ・ム・とき
鴿	U+9D3F	17	コウ・はと
鵁	U+9D41	17	コウ・キョウ
鵄	U+9D44	17	シ・とび
鵆	U+9D46	17	ちどり
鵈	U+9D48	17	みさご・とび
鵐	U+9D50	18	ブ・ム
鵑	U+9D51	18	ケン
鵙	U+9D59	18	ケキ・ゲキ・キャク・もず
鵝	U+9D5D	18	ガ
鵞	U+9D5E	18	ガ
鵤	U+9D64	18	いかる・いかるが
鵯	U+9D6F	19	ヒ・ヒツ・ビチ・ひよどり
鵲	U+9D72	19	ジャク・シャク・サク・かささぎ
鵺	U+9D7A	19	ヤ・ぬえ
鶇	U+9D87	19	トウ・ツ・つぐみ
鶉	U+9D89	19	ジュン・シュン・トン・タン・ダン・うずら
鶚	U+9D9A	20	ガク・みさご
鶤	U+9DA4	20	コン・ウン・キ・イ
鶩	U+9DA9	20	ボク・モク・ブ・ム・あひる
鶫	U+9DAB	20	つぐみ
鶯	U+9DAF	21	ヨウ・オウ・うぐいす
鶲	U+9DB2	21	オウ・オ・ひたき
鶸	U+9DB8	21	ニャク・ジャク・ひわ
鶺	U+9DBA	21	セキ・シャク
鶻	U+9DBB	21	コツ・ゲチ・ゴチ・クチ・カツ・はやぶさ
鷁	U+9DC1	21	ゲキ・ギャク
鷂	U+9DC2	21	ヨウ・はいたか
鷄	U+9DC4	21	ケイ・にわとり
鷆	U+9DC6	21	テン・デン・シン
鷏	U+9DCF	21	テン・デン・シン
鷓	U+9DD3	22	シャ
鷙	U+9DD9	22	シ・チツ・セツ・チュウ
鷦	U+9DE6	23	ショウ
鷭	U+9DED	23	バ・ハン・バン・ボン・もず
鷯	U+9DEF	23	リョウ
鷸	U+9DF8	23	イツ・シュツ・イチ・ジュチ・しぎ
鷽	U+9DFD	24	カク・アク・ヨク・ガク・カツ・ゲチ・うそ
鸚	U+9E1A	28	オウ・ヨウ
鸛	U+9E1B	28	カン・ガン・ケン・ゲン・こうのとり
鸞	U+9E1E	30	ラン
鹵	U+9E75	11	ロ・しお・しおち・たて
鹹	U+9E79	20	カン・ゲン・しおからい・しおけ
鹽	U+9E7D	24	エン・しお
麁	U+9E81	13	ソ・あらい
麈	U+9E88	16	シュ・ス
麋	U+9E8B	17	ビ・ミ・おおじか・なれしか
麌	U+9E8C	18	ゴ・グ・おじか
麑	U+9E91	19	ゲイ・ベイ・マイ・メイ・かのこ
麒	U+9E92	19	キ・ギ
麕	U+9E95	19	クン・キン・のろ
麝	U+9E9D	21	ジャ・シャ・セキ・ジャク
麥	U+9EA5	11	バク・ミャク・キョク・コキ・むぎ
麩	U+9EA9	15	フ・ふすま・ふ
麪	U+9EAA	15	ベン・メン・むぎこ
麭	U+9EAD	16	ホウ・ヒョウ
麸	U+9EB8	11	フ・ふすま
麼	U+9EBC	14	モ・バ・マ・ビ・ミ
麾	U+9EBE	15	キ・さしまねく
黌	U+9ECC	25	コウ・オウ
黎	U+9ECE	15	レイ・リ・ライ・くろい
黏	U+9ECF	17	ネン・デン・ねばる
黐	U+9ED0	22	チ・リ・もち
黔	U+9ED4	16	ケン・ゲン・キン・ゴン・くろい
默	U+9ED8	16	モク・ボク・だまる
黜	U+9EDC	17	チュツ・チュチ・しりぞける
黝	U+9EDD	17	ユウ・ヨウ・イ・ユ・あおぐろい・あおぐろ・くろい
點	U+9EDE	17	テン・セン・タ
黠	U+9EE0	18	カツ・ゲチ・さとい
黥	U+9EE5	20	ゲイ・ケイ・ギョウ・いれずみ
黨	U+9EE8	20	トウ・なかま
黯	U+9EEF	21	アン・オン・くらい・くろい
黴	U+9EF4	23	バイ・ビ・ミ・マイ・メ・かび・かびる
黶	U+9EF6	26	エン・アン・ほくろ
黷	U+9EF7	27	トク・ドク・けがす・けがれる
黹	U+9EF9	12	チ
黻	U+9EFB	17	フツ・ボチ・あや
黼	U+9EFC	19	フ・ホ
黽	U+9EFD	13	ビン・ベン・メン・ボウ・ミン・ミョウ・つとめる
鼇	U+9F07	24	ゴウ・おおがめ
鼈	U+9F08	25	ベツ・ヘツ・ヘチ・すっぽん
鼕	U+9F15	18	トウ・ズ
鼡	U+9F21	8	ソ・ねずみ
鼬	U+9F2C	18	ユウ・ユ・いたち
鼾	U+9F3E	17	カン・ガン・いびき
齊	U+9F4A	14	セイ・サイ・シ・ジ・セン・そろう
齋	U+9F4B	17	サイ・シ・とき
齎	U+9F4E	21	シ・セイ・サイ・もたらす
齏	U+9F4F	23	セイ・サイ・なます
齒	U+9F52	15	シ・ショウ・は
齔	U+9F54	17	シン・チン・シュン
齟	U+9F5F	20	ソ・ショ・ゾ・サ・シャ・ジャ・かむ
齠	U+9F60	20	チョウ
齡	U+9F61	20	レイ・リョウ・よわい
齣	U+9F63	20	セキ・セツ・キョ・チ・シ・こま
齦	U+9F66	21	ギン・ゴン・コン・カン・ケン・はぐき
齧	U+9F67	21	ゲツ・ゲチ・ケツ・ケチ・かじる・かむ
齪	U+9F6A	22	サク・セク・シュク・ショク・ソク
齬	U+9F6C	22	ゴ・ギョ
齲	U+9F72	24	ウ・ク・コ・むしば
齶	U+9F76	24	ガク
齷	U+9F77	24	アク
龕	U+9F95	22	ガン・カン・コン
龜	U+9F9C	16	キ・キュウ・ク・キン・コン・かめ
龝	U+9F9D	21	シュウ・あき
龠	U+9FA0	17	ヤク・ふえ
屮	U+5C6E	3	テツ・テチ・ソウ
縉	U+7E09	16	シン・さしはさむ
巍	U+5DCD	21	ギ・ガイ・ゲ・たかい